1;2;ricette;stupefacenti ;;;;;
2;3;farmacodinamica;;;;;;
3;6;;;gomma guar;;;;
4;6;cosmetica;;;;;;
5;3;farmacodinamica;;;;;;
6;3;farmacodinamica;;;;;;
7;3;farmacodinamica;;;;;;
8;2;ricette;dpc;;;;;
9;2;ricette;dpc;;;;;
10;1;chimica;pH;;;;;
11;3;farmacocinetica;;;;;;
12;2;ricette;stupefacenti ;;;;;
13;3;farmacodinamica;;gravidanza;collateralità;teratogene;;
14;2;burocrazia;segnalazioni;;;;;
15;1;tecnologia ;;;;;;
16;2;burocrazia;farmacovigilanza ;;;;;
17;3;farmacodinamica;;;;;;
18;3;farmacodinamica;;;;;;
19;3;farmacocinetica;;;;;;FIGURA
20;2;burocrazia;;;;;;
21;3;farmacodinamica;;;;;;
22;2;galenica;;;;;;
23;1;chimica;gruppi funzionali;;;;;
24;6;cosmetica;;;;;;
25;3;farmacodinamica;;;;;;
26;3;farmacodinamica;; parkinson ;levodopa;;;
27;3;farmacodinamica;;atropina;;;;
28;3;farmacodinamica;;antidepressivo;sertralina;;;
29;3;farmacodinamica;;antitumorale;;;;
30;1;chimica;pH;;;;;
31;1;chimica;gruppi funzionali;;;;;
32;3;farmacodinamica;;levodopa;;;;
33;3;farmacodinamica;;anticonvulsivante;;;;
34;3;farmacodinamica;;parkinson;;;;
35;1;chimica;pH;;;;;
36;1;chimica;pH;;;;;
37;3;farmacodinamica;;canali ca2+;cardiaca;;;
38;3;farmacodinamica;;istamiina;;;;
39;3;farmacodinamica;;recettori alfa adrenergici;;;;
40;3;farmacodinamica;;controindicazioni;interazioni;;;
41;1;tecnologia ;;;;;;
42;6;veleno;;;;;;
43;3;farmacodinamica;;oppioidi;antidiarroici;;;
44;2;burocrazia;farmacovigilanza ;;;;;
45;3;farmacodinamica;;isoniazide;;;;
46;2;ricette;stupefacenti ;;;;;
47;2;burocrazia;;dispositivo medico;;;;
48;3;farmacodinamica;;acetilcolina;muscarinici;;;
49;3;farmacodinamica;;lattami;;;;
50;3;farmacodinamica;;terbinafina;;;;
51;3;farmacodinamica;;benzodiazepine ;ansiolitici;;;
52;2;galenica;;;;;;
53;3;farmacodinamica;;miopatia;collateralità;;;
54;2;burocrazia;;ispezioni;;;;
55;3;farmacocinetica;;;;;;
56;3;farmacodinamica;;oculare;timololo;;;
57;2;ricette;anticoncezionali;;;;;
58;1;tecnologia ;;eccipienti;;;;
59;6;cosmetica;;bambini;;;;
60;1;chimica;;;;;;
61;6;;;arancio amaro;;;;
62;2;burocrazia;;battenti;;;;
63;2;ricette;veleni;;;;;
64;1;biologia;;amminoacidi;bcaa;;;
65;1;biologia;;amminoacidi;;;;
66;3;farmacodinamica;interazioni;;;;;
67;3;farmacodinamica;;difenidramina;;;;
68;1;biologia;;;;;;
69;1;chimica;;;;;;
70;1;tecnologia ;;;;;;
71;6;cosmetica;;;;;;
72;3;farmacodinamica;;anticoagulanti;protamina solfato;;;
73;1;tecnologia ;;;;;;
74;3;farmacodinamica;;penicillina;antibiotici;;;
75;2;ricette;stupefacenti;;;;;
76;3;farmacodinamica;;tamsulosina;;;;
77;3;farmacodinamica;;letrozolo;;;;
78;2;burocrazia;;sangue;;;;
79;3;farmacodinamica;;anestetici;;;;
80;3;farmacodinamica;;schizofrenia;;;;
81;3;farmacodinamica;;idroclorotiazide;;;;
82;2;galenica;;;;;;
83;3;farmacodinamica;;serotonina;patologia;;;
84;1;biologia;;;;;;
85;3;farmacodinamica;;chiralità;;;;
86;2;burocrazia;;FU;;;;
87;2;burocrazia;;trasferimento;;;;
88;3;farmacodinamica;;adrenergici;;;;
89;1;tecnologia ;;eccipienti;;;;
90;6;omeopatia;;;;;;
91;3;farmacodinamica;;carbamazepina;;;;
92;3;farmacodinamica;;;;;;
93;3;farmacodinamica;;simeticone;;;;
94;3;farmacodinamica;;idantoina;;;;
95;2;burocrazia;farmacovigilanza ;;;;;
96;3;farmacocinetica;;indice terapeutico;;;;
97;2;ricette;urgenza;;;;;
98;3;farmacodinamica;;nitroglicerina;;;;
99;3;farmacodinamica;;eritromicina;bersaglio;;;
100;3;farmacodinamica;;captopril;collateralità;;;
101;3;farmacodinamica;;oppioidi;SNC;;;
102;2;galenica;;;;;;
103;3;farmacodinamica;;flumanezil;;;;
104;3;farmacodinamica;;idiosincrasia;;;;
105;2;ricette;veterinari;;;;;
106;1;chimica;;;;;;
107;3;farmacodinamica;;griseofulvina;;;;
108;3;farmacodinamica;;triptan;;;;
109;2;ricette;;;;;;
110;3;farmacodinamica;;mifepristone;;;;
111;3;farmacodinamica;interazioni;furosemide;;;;
112;3;farmacodinamica;;nafazolina;;;;
113;3;farmacodinamica;;;;;;
114;3;farmacodinamica;;acidi micolici;;;;
115;3;farmacodinamica;;;;;;
116;3;farmacodinamica;;aldosterone;;;;
117;2;burocrazia;;;;;;
118;1;tecnologia ;;;;;;
119;2;burocrazia;;;;;;
120;1;biologia;;;;;;
121;3;farmacodinamica;;pompelmo;;;;
122;3;farmacodinamica;;piretrine;;;;
123;3;farmacodinamica;;diuretici;;;;
124;6;;;;;;;
125;2;burocrazia;;;;;;
126;1;tecnologia ;;;;;;
127;1;biologia;;;;;;
128;3;farmacodinamica;;antifungino;;;;
129;3;farmacodinamica;;antidepressivi;collateralità;;;
130;3;farmacodinamica;;cortisonici;;;;
131;2;ricette;stupefacenti;;;;;
132;3;farmacodinamica;;dopamina;;;;
133;3;farmacodinamica;;insulina;;;;
134;3;farmacodinamica;;istamina;collateralità;;;
135;1;chimica;;;;;;
136;6;fitoterapia;;;;;;
137;2;ricette;;;;;;
138;3;farmacodinamica;;efedrina;;;;
139;3;farmacodinamica;;bleomicina;;;;
140;3;farmacodinamica;;clonidina;;;;
141;3;farmacodinamica;;acido valproico;collateralità;;;
142;3;farmacodinamica;;statine;;;;
143;3;farmacodinamica;;;;;;
144;3;farmacodinamica;interazioni;;;;;
145;1;chimica;;;;;;
146;2;ricette;;;;;;
147;6;;;;;;;
148;2;burocrazia;;;;;;
149;3;farmacodinamica;;warfarin;;;;
150;2;ricette;stupefacenti;;;;;
151;3;farmacodinamica;;corticosteroidi;;;;
152;3;farmacodinamica;;sodio alginato;antiacido;;;
153;6;omeopatia;;;;;;
154;1;biologia;;;;;;
155;1;biologia;;;;;;
156;3;farmacocinetica;;;;;;
157;3;farmacodinamica;;istamina;;;;
158;2;ricette;veterinari;;;;;
159;3;farmacodinamica;;anfetamina;droghe;;;
160;2;ricette;stupefacenti;;;;;
161;3;farmacodinamica;;ipercalciuria;;;;
162;3;farmacodinamica;;baclofene;;;;
163;3;farmacodinamica;interazioni;;;;;
164;3;farmacodinamica;;antimicrobici;;;;
165;2;galenica;;;;;;
166;1;chimica;;;;;;
167;1;biologia;;;;;;
168;3;farmacodinamica;;teratogeni;;;;
169;3;farmacodinamica;;adrenergici;;;;
170;1;tecnologia ;;;;;;
171;3;farmacodinamica;;;;;;
172;3;farmacodinamica;;tetraciclina;;;;
173;1;chimica;;;;;;
174;1;chimica;pH;;;;;
175;3;farmacodinamica;;antidepressivi;;;;
176;3;farmacodinamica;;scopolamina;;;;
177;3;farmacodinamica;;benzodiazepine ;;;;
178;3;farmacodinamica;;atropina;;;;
179;6;;;;;;;
180;2;galenica;;;;;;
181;1;biologia;;;;;;
182;2;ricette;urgenza;;;;;
183;6;omeopatia;;;;;;
184;2;burocrazia;;;;;;
185;3;farmacodinamica;;lidocaina;;;;
186;3;farmacodinamica;;gonadotropine;;;;
187;2;ricette;;;;;;
188;1;chimica;;;;;;
189;3;farmacodinamica;;antiacido;;;;
190;3;farmacodinamica;;diuretici;;;;
191;3;farmacodinamica;;propanololo;;;;
192;1;tecnologia ;;;;;;
193;1;biologia;;bcaa;amminoacidi;;;
194;3;farmacodinamica;;sulbactam;;;;
195;2;galenica;;;;;;
196;2;burocrazia;;;;;;
197;2;burocrazia;;;;;;
198;2;burocrazia;;;;;;
199;1;tecnologia ;;;;;;
200;3;farmacodinamica;;iodio;;;;
201;3;farmacodinamica;;antipsicotici;;;;
202;3;farmacodinamica;;pompe protoniche;;;;
203;3;farmacodinamica;;fenotiazine;;;;
204;3;farmacodinamica;;malaria;;;;
205;2;burocrazia;;;;;;
206;6;fitoterapia;;;;;;
207;3;farmacodinamica;;lidocaina;;;;
208;3;farmacodinamica;;penicilline;;;;
209;2;galenica;;;;;;
210;3;farmacodinamica;;;;;;
211;3;farmacodinamica;;nifedipina;;;;
212;2;burocrazia;;;;;;
213;2;galenica;;;;;;
214;3;farmacodinamica;;digitale;;;;
215;1;tecnologia ;;;;;;
216;3;farmacodinamica;;;;;;
217;3;farmacodinamica;;mannitolo;;;;
218;3;farmacodinamica;;;;;;
219;1;chimica;;;;;;FIGURA
220;2;galenica;;;;;;
221;3;farmacodinamica;;mesalazina;;;;
222;3;farmacodinamica;;dantrolene;;;;
223;1;tecnologia ;;;;;;
224;3;farmacodinamica;;procaina;;;;
225;2;galenica;;;;;;
226;3;farmacodinamica;;acido ialuronico;;;;
227;2;burocrazia;;;;;;
228;2;ricette;;;;;;
229;3;farmacodinamica;;minoxidil;;;;
230;2;burocrazia;;;;;;
231;3;farmacodinamica;;isoniazide;;;;
232;3;farmacodinamica;;destrometorfano;;;;
233;3;farmacodinamica;;butilidrossianisolo;;;;
234;6;;;;;;;
235;2;burocrazia;;;;;;
236;2;burocrazia;;;;;;
237;3;farmacodinamica;;antitumorale;;;;
238;6;;;;;;;
239;3;farmacocinetica;;;;;;
240;2;ricette;;;;;;
241;1;tecnologia ;;;;;;
242;2;burocrazia;farmacovigilanza ;;;;;
243;3;farmacodinamica;;glaucoma;;;;
244;3;farmacodinamica;;parkinson;;;;
245;3;farmacodinamica;;isosorbide monoidrato;;;;
246;3;farmacodinamica;;lincomicina;;;;
247;3;farmacodinamica;;;;;;
248;2;burocrazia;;;;;;
249;3;farmacodinamica;;;;;;
250;2;ricette;;;;;;
251;3;farmacodinamica;;;;;;
252;3;farmacodinamica;;;;;;
253;3;farmacodinamica;;suxametonio;;;;
254;3;farmacodinamica;;famotidina;;;;
255;1;tecnologia ;;;;;;
256;1;chimica;;;;;;
257;3;farmacodinamica;;aztreonam;;;;
258;3;farmacodinamica;interazioni;estrogeni;;;;
259;3;farmacodinamica;;adrenergici;;;;
260;3;farmacodinamica;;dosulepina;;;;
261;3;farmacodinamica;;captopril;;;;
262;3;farmacodinamica;;micotiche;;;;
263;3;farmacodinamica;;;;;;
264;3;farmacodinamica;;;;;;
265;3;farmacodinamica;;muscarinici;;;;
266;2;ricette;;;;;;
267;3;farmacodinamica;;;;;;
268;3;farmacodinamica;;antidepressivi;;;;
269;2;galenica;;;;;;
270;3;farmacodinamica;;suxametonio;;;;
271;3;farmacodinamica;;;;;;
272;3;farmacodinamica;;beta bloccanti;;;;
273;2;burocrazia;;;;;;
274;3;farmacodinamica;;;;;;
275;3;farmacodinamica;;digossina;;;;
276;3;farmacodinamica;;;;;;
277;6;fitoterapia;;;;;;
278;1;tecnologia ;;;;;;
279;3;farmacodinamica;;glaucoma;;;;
280;3;farmacodinamica;;benzodiazepine;;;;
281;3;farmacocinetica;;;;;;
282;3;farmacodinamica;;neostigmina;;;;
283;6;omeopatia;;;;;;
284;3;farmacodinamica;;;;;;
285;3;farmacodinamica;;mao;;;;
286;2;galenica;;;;;;
287;2;ricette;;;;;;
288;3;farmacodinamica;;malaria;;;;
289;2;burocrazia;;;;;;
290;3;farmacodinamica;;angina;;;;
291;2;ricette;;;;;;
292;3;farmacodinamica;;gravidanza;;;;
293;1;biologia;;;;;;
294;2;burocrazia;;;;;;
295;2;galenica;;;;;;
296;1;tecnologia ;;;;;;
297;3;farmacodinamica;;parkinson;;;;
298;3;farmacocinetica;;;;;;
299;3;farmacodinamica;;;;;;
300;3;farmacodinamica;;;;;;
301;3;farmacodinamica;;benzodiazepine;;;;
302;3;farmacodinamica;;scopolamina;;;;
303;3;farmacodinamica;;carbidopa;parkinson;;;
304;3;farmacocinetica;;;;;;
305;2;burocrazia;;;;;;
306;1;tecnologia ;;;;;;
307;3;farmacodinamica;;epilessia;;;;
308;2;ricette;;;;;;
309;3;farmacocinetica;;;;;;
310;2;burocrazia;;;;;;
311;3;farmacodinamica;;;;;;
312;2;burocrazia;;;;;;
313;2;galenica;;;;;;
314;2;burocrazia;;;;;;
315;3;farmacodinamica;;irsutismo;;;;
316;1;chimica;;;;;;
317;2;burocrazia;;;;;;
318;2;burocrazia;;;;;;
319;3;farmacodinamica;;levodopa;;;;
320;3;farmacodinamica;;oppioidi;;;;
321;2;burocrazia;;;;;;
322;3;farmacodinamica;;ciclopentolato;;;;
323;3;farmacodinamica;;flecainide;;;;
324;3;farmacodinamica;;fenofibrato;;;;
325;3;farmacodinamica;;collateralità;;;;
326;3;farmacodinamica;;antimicrobici;;;;
327;3;farmacodinamica;;antibiotici;;;;FIGURA
328;2;burocrazia;;;;;;
329;6;cosmetica;;;;;;
330;2;galenica;;;;;;
331;2;burocrazia;;;;;;
332;2;galenica;;;;;;
333;3;farmacodinamica;;paracetamolo;;;;
334;1;biologia;;;;;;
335;2;galenica;;;;;;
336;3;farmacodinamica;;diuretici;;;;
337;6;veleno;;;;;;
338;3;farmacodinamica;;nicotina;;;;
339;3;farmacodinamica;;neostigmina;;;;
340;3;farmacodinamica;;gonorrea;;;;
341;1;biologia;;;;;;
342;3;farmacodinamica;;letrozolo;;;;
343;3;farmacodinamica;;sucralfato;;;;
344;3;farmacocinetica;;;;;;
345;3;farmacodinamica;;statine;collateralità;;;
346;1;biologia;;;;;;
347;3;farmacocinetica;;;;;;
348;3;farmacodinamica;;diuretici;;;;
349;3;farmacodinamica;interazioni;;;;;
350;2;burocrazia;;;;;;
351;3;farmacodinamica;;antipsicotici;;;;
352;2;burocrazia;;;;;;
353;6;;;;;;;
354;3;farmacodinamica;;lidocaina;;;;
355;3;farmacodinamica;;;;;;
356;3;farmacodinamica;;;;;;FIGURA
357;2;burocrazia;;;;;;
358;2;ricette;stupefacenti;;;;;
359;3;farmacodinamica;;;;;;FIGURA
360;1;tecnologia ;;;;;;
361;3;farmacodinamica;;aloperidolo;;;;
362;3;farmacodinamica;;;;;;FIGURA
363;1;tecnologia ;;;;;;
364;3;farmacodinamica;;diuretici;;;;
365;3;farmacodinamica;;collateralità;;;;
366;3;farmacodinamica;;enalapril;;;;
367;3;farmacodinamica;;collateralità;;;;
368;3;farmacodinamica;;;;;;
369;1;tecnologia ;;;;;;
370;2;burocrazia;;;;;;
371;3;farmacodinamica;;;;;;
372;1;chimica;;;;;;FIGURA
373;2;burocrazia;;;;;;
374;3;farmacodinamica;;cefalosporine;;;;
375;2;burocrazia;;;;;;
376;3;farmacodinamica;;amiodarone;;;;
377;3;farmacodinamica;;antimicrobici;;;;
378;2;ricette;stupefacenti;;;;;
379;1;tecnologia ;;;;;;
380;2;ricette;stupefacenti;;;;;
381;3;farmacodinamica;;;;;;
382;3;farmacodinamica;;ketotifene;;;;
383;3;farmacodinamica;;antimicrobici;;;;
384;3;farmacodinamica;;collateralità;;;;
385;2;galenica;;;;;;
386;3;farmacodinamica;;adrenergici;;;;
387;2;burocrazia;;;;;;
388;3;farmacodinamica;;atropina;collateralità;;;
389;3;farmacodinamica;;benzodiazepine;;;;
390;3;farmacodinamica;;efedra;collateralità;;;
391;3;farmacodinamica;;dimeticone;;;;
392;1;tecnologia ;;;;;;
393;3;farmacocinetica;;;;;;
394;3;farmacocinetica;;;;;;
395;3;farmacodinamica;;andamide;;;;
396;3;farmacodinamica;;estrogeni;;;;
397;3;farmacodinamica;;;;;;
398;2;burocrazia;;;;;;
399;3;farmacodinamica;;anticorpi;;;;
400;3;farmacodinamica;;metacolina;;;;
401;3;farmacodinamica;;diuretici;;;;
402;2;galenica;;;;;;
403;2;ricette;stupefacenti;;;;;
404;3;farmacodinamica;;adrenergici;;;;
405;2;burocrazia;;;;;;
406;6;;;;;;;
407;2;burocrazia;;;;;;
408;3;farmacodinamica;;azatioprina;;;;
409;3;farmacodinamica;;propanololo;collateralità;;;
410;2;ricette;;;;;;
411;3;farmacodinamica;;;;;;
412;3;farmacodinamica;;antidepressivi;collateralità;;;
413;3;farmacodinamica;;vitamine;;;;
414;2;ricette;;;;;;
415;3;farmacodinamica;;diuretici;;;;
416;3;farmacodinamica;;colina;;;;
417;3;farmacocinetica;;;;;;
418;2;ricette;;;;;;
419;3;farmacodinamica;;antibiotici;;;;
420;3;farmacocinetica;;;;;;
421;3;farmacodinamica;;;;;;
422;3;farmacodinamica;;;;;;
423;1;tecnologia ;;;;;;
424;6;;;;;;;
425;6;cosmetica;;;;;;
426;3;farmacocinetica;;;;;;
427;3;farmacodinamica;;tumori;;;;
428;2;galenica;;;;;;
429;1;tecnologia ;;;;;;
430;3;farmacodinamica;;verapamil;;;;
431;1;chimica;;;;;;
432;1;tecnologia ;;;;;;
433;1;tecnologia ;;;;;;
434;1;tecnologia ;;;;;;
435;3;farmacodinamica;;ACE;;;;
436;3;farmacodinamica;;meperidina;;;;
437;2;burocrazia;;;;;;
438;1;tecnologia ;;;;;;
439;2;burocrazia;;;;;;
440;3;farmacodinamica;;;;;;
441;6;;;;;;;
442;3;farmacodinamica;;diuretici;;;;
443;1;chimica;;;;;;
444;3;farmacodinamica;;adrenergici;;;;
445;2;galenica;;;;;;
446;2;burocrazia;;;;;;
447;2;burocrazia;;;;;;
448;3;farmacodinamica;;diuretici;;;;
449;3;farmacodinamica;;FANS;;;;
450;3;farmacodinamica;interazioni;;;;;
451;2;ricette;;;;;;
452;3;farmacodinamica;;aminofillina;;;;
453;3;farmacodinamica;;;;;;
454;1;tecnologia ;;;;;;
455;3;farmacodinamica;;oxitocici;;;;
456;3;farmacodinamica;;collateralità;;;;
457;3;farmacodinamica;;vitamine;;;;
458;3;farmacodinamica;;amlodipina;;;;
459;2;burocrazia;;;;;;
460;3;farmacodinamica;;FANS;;;;
461;3;farmacocinetica;;;;;;FIGURA
462;3;farmacodinamica;;;;;;
463;2;ricette;;;;;;
464;3;farmacodinamica;;malaria;;;;
465;2;galenica;;;;;;
466;3;farmacodinamica;;metimazolo;;;;
467;2;burocrazia;farmacovigilanza ;;;;;
468;1;tecnologia ;;;;;;
469;3;farmacodinamica;;antifungino;;;;
470;1;chimica;gruppi funzionali;;;;;
471;2;burocrazia;;;;;;
472;3;farmacodinamica;;parkinson;;;;
473;3;farmacodinamica;;tiazolindioni;;;;
474;3;farmacodinamica;;indometacina;;;;
475;3;farmacodinamica;;nicotina;;;;
476;3;farmacodinamica;interazioni;;;;;
477;3;farmacocinetica;;;;;;
478;2;burocrazia;;;;;;
479;3;farmacodinamica;;metronidazolo;;;;
480;6;cosmetica;;;;;;
481;3;farmacodinamica;;;;;;
482;6;;;;;;;
483;3;farmacodinamica;;;;;;
484;2;burocrazia;;;;;;
485;3;farmacodinamica;;aflatossine;;;;
486;3;farmacodinamica;;;;;;
487;1;biologia;;;;;;
488;2;burocrazia;;;;;;
489;2;ricette;veleni;;;;;
490;6;;;;;;;
491;1;tecnologia ;;;;;;
492;3;farmacodinamica;;FANS;;;;
493;3;farmacodinamica;;acetilcolina;;;;
494;3;farmacocinetica;;;;;;
495;2;galenica;;;;;;
496;3;farmacodinamica;;;;;;
497;3;farmacodinamica;;;;;;FIGURA
498;3;farmacocinetica;;;;;;
499;3;farmacodinamica;;collateralità;;;;
500;3;farmacodinamica;;;;;;
501;3;farmacodinamica;;fisastigmina;;;;
502;3;farmacodinamica;;acenocumarolo;;;;
503;3;farmacodinamica;;farmaco tacolitico;;;;
504;3;farmacocinetica;;;;;;FIGURA
505;3;farmacocinetica;;;;;;
506;3;farmacocinetica;;;;;;
507;3;farmacodinamica;;metotrexato;collateralità;;;
508;3;farmacodinamica;;;;;;
509;3;farmacodinamica;;;;;;FIGURA
510;3;farmacodinamica;;diuretici;;;;
511;3;farmacodinamica;;;;;;
512;3;farmacocinetica;;;;;;
513;3;farmacodinamica;;ACE;;;;
514;3;farmacodinamica;;gravidanza;;;;
515;2;galenica;;;;;;
516;2;ricette;stupefacenti;;;;;
517;2;burocrazia;;;;;;
518;3;farmacodinamica;;;;;;
519;3;farmacodinamica;;acetilcisteina;;;;
520;2;burocrazia;;;;;;
521;3;farmacodinamica;;malathion;;;;
522;3;farmacodinamica;;amfetamina;collateralità;;;
523;3;farmacodinamica;;diuretici;;;;
524;3;farmacodinamica;;;;;;
525;2;ricette;stupefacenti;;;;;
526;3;farmacodinamica;;insulina;;;;
527;6;;;;;;;
528;2;ricette;;;;;;
529;3;farmacodinamica;;spiramicina;;;;
530;3;farmacodinamica;;fluoxetina;;;;
531;2;burocrazia;;;;;;
532;2;burocrazia;;;;;;
533;3;farmacodinamica;;neurolettici;collateralità;;;
534;3;farmacodinamica;;micosi;;;;
535;3;farmacodinamica;;botulino;;;;
536;3;farmacodinamica;;scompenso cardiaco;;;;
537;1;chimica;;;;;;
538;3;farmacodinamica;;droghe;;;;
539;3;farmacocinetica;;;;;;
540;2;ricette;stupefacenti;;;;;
541;2;burocrazia;;;;;;
542;3;farmacodinamica;;;;;;
543;2;burocrazia;;;;;;
544;3;farmacodinamica;interazioni;parkinson;;;;
545;3;farmacodinamica;;diuretici;;;;
546;3;farmacodinamica;;acido acetilsalicilico;;;;
547;3;farmacodinamica;;FANS;;;;
548;3;farmacocinetica;;;;;;
549;1;tecnologia ;;;;;;
550;3;farmacodinamica;;itraconazolo;;;;
551;2;burocrazia;;;;;;
552;6;cosmetica;;;;;;
553;2;ricette;stupefacenti;;;;;
554;2;ricette;;;;;;
555;3;farmacodinamica;;diuretici;;;;
556;2;burocrazia;;;;;;
557;1;tecnologia ;;;;;;
558;3;farmacodinamica;;teratogeni;;;;
559;3;farmacodinamica;;mebeverina;;;;
560;3;farmacodinamica;;;;;;
561;3;farmacodinamica;;glucocorticoidi;collateralità;;;
562;3;farmacodinamica;;lidocaina;;;;
563;3;farmacodinamica;;corticosteroidi;;;;
564;3;farmacodinamica;;gemfibrazil;;;;
565;3;farmacocinetica;;;;;;
566;3;farmacodinamica;;irinotecan;;;;
567;3;farmacodinamica;;;;;;
568;3;farmacodinamica;;antibatterici;;;;
569;3;farmacodinamica;;aciclovir;;;;
570;3;farmacodinamica;;iosciamina;;;;
571;1;tecnologia ;;;;;;
572;3;farmacodinamica;;muscarinici;;;;
573;1;chimica;;;;;;
574;3;farmacodinamica;;clonidina;;;;
575;2;burocrazia;;;;;;
576;1;tecnologia ;;;;;;
577;2;burocrazia;;;;;;
578;2;galenica;;;;;;
579;1;tecnologia ;;;;;;
580;1;chimica;;;;;;
581;3;farmacodinamica;;PPI;;;;
582;1;tecnologia ;;;;;;
583;3;farmacodinamica;;;;;;
584;1;chimica;;;;;;FIGURA
585;1;tecnologia ;;;;;;
586;1;chimica;;;;;;FIGURA
587;2;burocrazia;;;;;;
588;3;farmacodinamica;;;;;;FIGURA
589;3;farmacodinamica;;antitumorali;;;;
590;3;farmacodinamica;;;;;;FIGURA
591;3;farmacodinamica;;helicobacter;;;;
592;3;farmacodinamica;;isoprenalina;;;;
593;3;farmacodinamica;;;;;;
594;3;farmacodinamica;interazioni;;;;;
595;3;farmacodinamica;;droghe;;;;
596;3;farmacodinamica;;adrenergici;;;;
597;3;farmacodinamica;;benzodiazepine;;;;
598;3;farmacodinamica;;diuretici;;;;
599;3;farmacodinamica;;litio;;;;
600;1;tecnologia ;;;;;;
601;3;farmacodinamica;;vancomicina;;;;
602;3;farmacodinamica;;;;;;
603;1;tecnologia ;;;;;;
604;3;farmacocinetica;;;;;;FIGURA
605;3;farmacodinamica;;zanamivir;;;;
606;1;tecnologia ;;;;;;
607;1;tecnologia ;;;;;;
608;3;farmacodinamica;;ACE;;;;
609;3;farmacodinamica;;;;;;
610;2;burocrazia;;;;;;
611;1;biologia;;;;;;
612;3;farmacodinamica;;droghe;;;;
613;2;ricette;;;;;;
614;3;farmacodinamica;;cefixima;;;;
615;3;farmacodinamica;interazioni;;;;;
616;3;farmacodinamica;;angina;;;;
617;2;burocrazia;;;;;;
618;3;farmacodinamica;;tazobactam;;;;
619;1;chimica;;;;;;
620;2;burocrazia;;;;;;
621;2;burocrazia;;;;;;
622;3;farmacodinamica;;triptani;;;;
623;3;farmacodinamica;;;;;;
624;3;farmacodinamica;;curari;;;;
625;1;biologia;;;;;;
626;3;farmacodinamica;;antipertensione;;;;
627;3;farmacodinamica;;GABA;;;;
628;3;farmacodinamica;;digitale;;;;
629;2;burocrazia;;;;;;
630;1;chimica;;;;;;
631;3;farmacodinamica;;ticlopidina;;;;
632;3;farmacocinetica;;;;;;
633;3;farmacocinetica;;;;;;
634;3;farmacocinetica;;;;;;
635;2;ricette;stupefacenti;;;;;
636;3;farmacodinamica;;linezolid;;;;
637;3;farmacocinetica;;;;;;
638;3;farmacodinamica;;muscarinici;;;;
639;3;farmacodinamica;;;;;;FIGURA
640;3;farmacodinamica;;;;;;
641;2;ricette;;;;;;
642;1;chimica;;;;;;
643;2;burocrazia;;;;;;
644;1;biologia;;;;;;FIGURA
645;3;farmacodinamica;;pancuronio;;;;
646;3;farmacocinetica;;;;;;
647;2;ricette;stupefacenti;;;;;
648;2;burocrazia;;;;;;
649;3;farmacodinamica;;istaminici;;;;
650;3;farmacodinamica;;asma;;;;
651;2;burocrazia;;;;;;
652;3;farmacodinamica;;droghe;;;;
653;3;farmacodinamica;;fenitoina;;;;
654;2;burocrazia;;;;;;
655;3;farmacodinamica;;;;;;
656;1;biologia;;;;;;
657;3;farmacodinamica;;acetilcolina;;;;
658;2;burocrazia;;;;;;
659;3;farmacodinamica;;penicillina;;;;
660;2;ricette;;;;;;
661;2;burocrazia;;;;;;
662;2;ricette;stupefacenti;;;;;
663;1;chimica;;;;;;
664;3;farmacodinamica;;botulino;;;;
665;3;farmacodinamica;;;;;;
666;3;farmacocinetica;;;;;;
667;3;farmacodinamica;;diabete;;;;
668;3;farmacodinamica;;;;;;
669;2;ricette;veterinari;;;;;
670;3;farmacodinamica;;muscarinici;;;;
671;3;farmacocinetica;;;;;;
672;3;farmacodinamica;;mesalazina;;;;
673;3;farmacodinamica;;barbiturici;;;;
674;3;farmacodinamica;;;;;;
675;3;farmacodinamica;interazioni;;;;;
676;2;burocrazia;;;;;;
677;1;biologia;;;;;;
678;3;farmacodinamica;;antibiotici;;;;
679;2;ricette;stupefacenti;;;;;
680;3;farmacodinamica;;collateralità;;;;
681;3;farmacodinamica;;collateralità;;;;
682;3;farmacodinamica;;anticorpi;;;;
683;3;farmacodinamica;;;;;;
684;3;farmacodinamica;;;;;;
685;1;biologia;;;;;;
686;2;burocrazia;;;;;;
687;3;farmacodinamica;;;;;;
688;2;ricette;;;;;;
689;3;farmacodinamica;;diuretici;;;;
690;6;cosmetica;;;;;;
691;3;farmacodinamica;;eparina;collateralità;;;
692;3;farmacodinamica;;diabete;;;;
693;3;farmacodinamica;;anticorpi;;;;
694;2;burocrazia;;;;;;
695;3;farmacodinamica;interazioni;;;;;
696;2;burocrazia;;;;;;
697;2;burocrazia;;;;;;
698;3;farmacodinamica;;;;;;
699;3;farmacodinamica;;angina;;;;
700;3;farmacodinamica;;;;;;
701;3;farmacodinamica;;;;;;
702;3;farmacodinamica;;latanoprost;;;;
703;2;galenica;;;;;;
704;2;galenica;;;;;;
705;3;farmacodinamica;;mesalazina;;;;
706;2;burocrazia;;;;;;
707;3;farmacodinamica;;herpes;;;;
708;3;farmacodinamica;;destrometorfano;;;;
709;1;tecnologia ;;;;;;FIGURA
710;3;farmacodinamica;;metadone;;;;
711;3;farmacodinamica;;tetracicline;;;;
712;1;tecnologia ;;;;;;
713;1;chimica;;etinilestradiolo;;;;
714;2;burocrazia;;;;;;
715;3;farmacodinamica;;collateralità;;;;
716;3;farmacodinamica;interazioni;;;;;
717;2;galenica;;;;;;
718;3;farmacodinamica;;aripriprazolo;;;;
719;3;farmacodinamica;;finasteride;;;;
720;2;burocrazia;;;;;;
721;6;omeopatia;;;;;;
722;2;burocrazia;;;;;;
723;3;farmacocinetica;;;;;;
724;3;farmacocinetica;;;;;;
725;3;farmacodinamica;;sildenafil;;;;
726;3;farmacodinamica;;antitumorali;;;;
727;2;galenica;;;;;;
728;2;galenica;;;;;;
729;2;ricette;;;;;;
730;3;farmacodinamica;;antibiotici;;;;
731;3;farmacodinamica;;catecolammine;;;;
732;3;farmacodinamica;;procaina;;;;
733;3;farmacodinamica;;dimenidrato;;;;
734;6;cosmetica;;;;;;
735;2;galenica;;;;;;
736;3;farmacodinamica;;adrenalina;;;;
737;3;farmacodinamica;;glitazoni;;;;
738;3;farmacodinamica;;antibiotici;;;;
739;3;farmacodinamica;;MAO;;;;
740;3;farmacodinamica;;statine;gravidanza;;;
741;2;ricette;;;;;;
742;2;burocrazia;;;;;;
743;2;burocrazia;;;;;;
744;2;burocrazia;;;;;;
745;6;omeopatia;;;;;;
746;3;farmacodinamica;;collateralità;;;;
747;2;burocrazia;;;;;;
748;3;farmacodinamica;;collateralità;antineoplastici;;;
749;3;farmacocinetica;;;;;;
750;3;farmacodinamica;;trimetorpim;;;;
751;3;farmacodinamica;;pediatria;;;;
752;6;cosmetica;;;;;;
753;3;farmacodinamica;;glucagone;;;;
754;2;ricette;stupefacenti;;;;;
755;3;farmacodinamica;;nafazolina;;;;
756;3;farmacodinamica;;algeldrato;;;;
757;3;farmacodinamica;;nitrati;collateralità;;;
758;3;farmacodinamica;;picosolfato;;;;
759;2;burocrazia;;;;;;
760;2;burocrazia;;;;;;
761;3;farmacodinamica;;antibiotici;;;;
762;3;farmacodinamica;;amiodarone;;;;
763;1;tecnologia ;;;;;;
764;2;ricette;stupefacenti;;;;;
765;1;tecnologia ;;;;;;
766;3;farmacodinamica;;benzodiazepine;collateralità;;;
767;1;tecnologia ;;;;;;FIGURA
768;3;farmacodinamica;;trimetoprim;;;;
769;3;farmacodinamica;;;;;;
770;2;burocrazia;;;;;;
771;1;tecnologia ;;;;;;
772;3;farmacodinamica;;piperacillina;;;;
773;3;farmacodinamica;;isotretinoina;;;;
774;3;farmacodinamica;;sucralfato;;;;
775;3;farmacodinamica;;;;;;
776;2;ricette;stupefacenti;;;;;
777;2;ricette;stupefacenti;;;;;
778;3;farmacocinetica;;;;;;
779;3;farmacodinamica;;diuretici;;;;
780;2;galenica;;;;;;
781;3;farmacodinamica;;bisacodile;;;;
782;2;ricette;;;;;;
783;3;farmacodinamica;;glicosidi cardiaci;collateralità;;;
784;6;;;;;;;
785;3;farmacodinamica;;;;;;
786;3;farmacodinamica;;;;;;
787;2;burocrazia;;;;;;
788;3;farmacodinamica;;;;;;
789;3;farmacodinamica;;asma;;;;
790;2;ricette;veterinari;;;;;
791;1;tecnologia ;;;;;;
792;3;farmacodinamica;;;;;;
793;3;farmacodinamica;;ACE;;;;
794;3;farmacodinamica;;exemestane;;;;
795;3;farmacodinamica;;paracetamolo;;;;
796;2;burocrazia;;;;;;
797;3;farmacodinamica;;nimesulide;;;;
798;3;farmacodinamica;;allopurinolo;;;;
799;2;ricette;;;;;;
800;3;farmacodinamica;;PPI;;;;
801;2;ricette;stupefacenti;;;;;
802;3;farmacodinamica;;antibiotici;;;;
803;1;chimica;;;;;;
804;3;farmacodinamica;;acido ursodesossicolico;;;;
805;1;tecnologia ;;;;;;
806;1;chimica;;;;;;
807;3;farmacodinamica;;;;;;
808;3;farmacodinamica;;istamina;;;;
809;3;farmacodinamica;;;;;;
810;3;farmacodinamica;;antibiotici;;;;
811;3;farmacodinamica;;istamina;;;;
812;1;chimica;;;;;;
813;3;farmacodinamica;;colina;;;;
814;3;farmacodinamica;;sulfamidici;;;;
815;3;farmacodinamica;;;;;;
816;3;farmacodinamica;;ACE;;;;
817;3;farmacodinamica;;;;;;
818;2;burocrazia;;;;;;
819;1;tecnologia ;;;;;;
820;3;farmacodinamica;;solfoniluree;;;;
821;3;farmacodinamica;;metilfenidato;;;;
822;3;farmacodinamica;;;;;;
823;3;farmacodinamica;;enalapril;lisinopril;;;
824;2;galenica;;;;;;
825;3;farmacodinamica;;antibiotici;;;;
826;3;farmacodinamica;;;;;;FIGURA
827;3;farmacodinamica;;collateralità;;;;
828;1;tecnologia ;;;;;;
829;3;farmacodinamica;;neostigmina;;;;
830;1;tecnologia ;;;;;;
831;3;farmacodinamica;;orlistat;;;;
832;3;farmacodinamica;;;;;;
833;1;tecnologia ;;;;;;
834;3;farmacodinamica;;adrenergici;;;;
835;2;burocrazia;;;;;;
836;3;farmacodinamica;;algeldrato;;;;
837;3;farmacodinamica;;levodopa;;;;
838;3;farmacodinamica;;goserelin;;;;
839;3;farmacodinamica;;anestetici;;;;
840;3;farmacodinamica;;spironolattone;;;;
841;3;farmacodinamica;;;;;;
842;2;burocrazia;;;;;;
843;3;farmacodinamica;;Acido acetilsalicilico;;;;
844;3;farmacodinamica;;antibiotici;;;;
845;2;burocrazia;;;;;;
846;3;farmacodinamica;;feniramina;;;;
847;3;farmacodinamica;;istamina;;;;
848;3;farmacodinamica;;atropina;;;;
849;3;farmacodinamica;;;;;;
850;3;farmacodinamica;;liraglutide;;;;
851;3;farmacodinamica;;noradrenalina;;;;
852;3;farmacodinamica;;ciclofosfamide;;;;
853;3;farmacodinamica;;edetato sodico;;;;
854;6;cosmetica;;;;;;
855;3;farmacodinamica;;gravidanza;;;;
856;2;galenica;;;;;;
857;2;burocrazia;;;;;;
858;3;farmacodinamica;;clonidina;;;;
859;2;burocrazia;;;;;;
860;3;farmacodinamica;;penicillina;;;;
861;3;farmacodinamica;;;;;;
862;2;burocrazia;;;;;;
863;3;farmacocinetica;;;;;;
864;3;farmacodinamica;;schizofrenia;;;;
865;2;ricette;stupefacenti;;;;;
866;3;farmacodinamica;;dantrolene;;;;
867;2;burocrazia;farmacovigilanza;;;;;
868;3;farmacodinamica;;glicosidi cardiaci;;;;
869;3;farmacocinetica;;;;;;
870;3;farmacocinetica;;;;;;
871;3;farmacodinamica;;furosemide;;;;
872;2;burocrazia;;;;;;
873;3;farmacodinamica;;parkinson;;;;
874;3;farmacodinamica;;COXIB;collateralità;;;
875;3;farmacodinamica;;benzodiazepine;;;;
876;3;farmacocinetica;;;;;;
877;3;farmacodinamica;;statina;;;;
878;3;farmacodinamica;;trazodone;;;;
879;3;farmacodinamica;;;;;;
880;3;farmacodinamica;;;;;;
881;2;ricette;;;;;;
882;1;tecnologia ;;;;;;
883;3;farmacodinamica;;collateralità;;;;
884;3;farmacodinamica;;;;;;
885;3;farmacodinamica;;;;;;FIGURA
886;2;burocrazia;;;;;;
887;2;burocrazia;;;;;;
888;3;farmacodinamica;;trapianti;;;;
889;3;farmacocinetica;;;;;;
890;3;farmacodinamica;;;;;;
891;3;farmacodinamica;;dimeticone;;;;
892;3;farmacodinamica;;;;;;
893;3;farmacodinamica;;alzheimer;;;;
894;3;farmacodinamica;;erlotinib;;;;
895;3;farmacodinamica;;collateralità;;;;
896;3;farmacodinamica;;diuretici;;;;
897;3;farmacodinamica;;diabete;;;;
898;3;farmacodinamica;;;;;;
899;3;farmacodinamica;;ceftazidima;;;;
900;3;farmacodinamica;;tetraciclina;gravidanza;;;
901;6;;;;;;;
902;3;farmacodinamica;;prometazina;;;;
903;3;farmacodinamica;;colinesterasi;;;;
904;2;burocrazia;;;;;;
905;1;biologia;;;;;;
906;3;farmacodinamica;;collateralità;;;;
907;6;;;;;;;
908;3;farmacodinamica;;febuxostat;;;;
909;1;tecnologia ;;;;;;
910;1;biologia;;;;;;
911;3;farmacodinamica;;adrenergici;;;;
912;3;farmacodinamica;;dopa;;;;
913;3;farmacodinamica;;;;;;
914;2;galenica;;;;;;
915;2;burocrazia;;;;;;
916;3;farmacodinamica;;;;;;
917;1;chimica;;;;;;FIGURA
918;3;farmacodinamica;;anfotericina;;;;
919;3;farmacodinamica;;glitazoni;;;;
920;3;farmacodinamica;;diuretici;;;;
921;2;ricette;;;;;;
922;3;farmacodinamica;;diabetici;;;;
923;2;burocrazia;;battenti;;;;
924;2;burocrazia;;;;;;
925;3;farmacodinamica;;FANS;;;;
926;3;farmacodinamica;;glitazoni;;;;
927;3;farmacodinamica;;anastrazolo;;;;
928;2;burocrazia;;;;;;
929;2;galenica;;;;;;
930;3;farmacodinamica;;istamina;;;;
931;3;farmacocinetica;;;;;;
932;3;farmacodinamica;;;;;;FIGURA
933;1;chimica;;;;;;FIGURA
934;2;burocrazia;;;;;;
935;3;farmacodinamica;;neostigmina;;;;
936;3;farmacodinamica;;adrenergici;;;;
937;3;farmacodinamica;;antibiotici;;;;
938;3;farmacodinamica;;;;;;
939;3;farmacodinamica;;helicobacter;;;;
940;3;farmacodinamica;;procainamide;;;;
941;3;farmacodinamica;;levonorgestrel;;;;
942;3;farmacodinamica;;convulsioni;;;;
943;2;burocrazia;;;;;;
944;2;burocrazia;;;;;;
945;2;ricette;stupefacenti;;;;;
946;3;farmacodinamica;;triesifenidile;parkinson;;;
947;3;farmacodinamica;;atropina;;;;
948;3;farmacodinamica;;muscarina;;;;
949;3;farmacodinamica;;collateralità;;;;
950;3;farmacodinamica;;naloxone;;;;
951;2;burocrazia;;;;;;
952;3;farmacodinamica;;amiodarone;;;;
953;2;burocrazia;;;;;;
954;2;ricette;stupefacenti;;;;;
955;3;farmacodinamica;;rifampicina;;;;
956;3;farmacodinamica;;;;;;
957;3;farmacodinamica;interazioni;;;;;
958;3;farmacodinamica;;MAO;;;;
959;2;burocrazia;;;;;;
960;3;farmacocinetica;;;;;;
961;3;farmacodinamica;;antidepressivi;;;;
962;6;cosmetica;;;;;;
963;2;galenica;;;;;;
964;3;farmacodinamica;interazioni;;;;;
965;3;farmacodinamica;;gliclazide;;;;
966;2;ricette;stupefacenti;;;;;
967;1;tecnologia ;;;;;;
968;1;biologia;;;;;;
969;1;tecnologia ;;;;;;
970;2;galenica;;;;;;
971;3;farmacodinamica;;;;;;
972;6;;;;;;;
973;3;farmacodinamica;;;;;;
974;3;farmacodinamica;;macolidi;;;;
975;3;farmacodinamica;;sulfoniluree;;;;
976;1;tecnologia ;;;;;;
977;3;farmacodinamica;;;;;;
978;1;tecnologia ;;;;;;
979;6;;;;;;;
980;3;farmacodinamica;;muscarina;;;;
981;3;farmacodinamica;;antibiotici;;;;
982;3;farmacodinamica;;antitumorali;;;;
983;3;farmacodinamica;;selegelina;parkinson;;;
984;1;biologia;;;;;;
985;1;tecnologia ;;;;;;
986;3;farmacodinamica;;digitale;;;;
987;3;farmacodinamica;;clortetraciclina;;;;
988;3;farmacodinamica;;paracetamolo;;;;
989;3;farmacodinamica;;;;;;
990;1;chimica;gruppi funzionali;;;;;
991;2;galenica;;;;;;
992;3;farmacodinamica;;gravidanza;;;;
993;3;farmacodinamica;;droghe;;;;
994;2;galenica;;;;;;
995;3;farmacocinetica;;;;;;
996;3;farmacodinamica;;pralidossima;;;;
997;2;burocrazia;;;;;;
998;1;biologia;;;;;;
999;3;farmacodinamica;;dopa;parkinson;;;
1000;3;farmacodinamica;;inotropismo;;;;
1001;3;farmacodinamica;;antiblastico;;;;
1002;2;burocrazia;;;;;;
1003;3;farmacodinamica;;antipsicotici;;;;
1004;3;farmacodinamica;;atropina;;;;
1005;6;cosmetica;;;;;;
1006;2;ricette;;;;;;
1007;6;cosmetica;;;;;;
1008;2;burocrazia;;;;;;
1009;3;farmacodinamica;;FANS;;;;
1010;3;farmacodinamica;;droghe;;;;
1011;3;farmacodinamica;;angiogenesi;;;;
1012;3;farmacodinamica;;flumanezil;;;;
1013;6;;;;;;;
1014;3;farmacodinamica;;insulina;;;;
1015;1;biologia;;;;;;
1016;3;farmacodinamica;;penicillina;;;;
1017;3;farmacodinamica;;mostarde;;;;
1018;2;ricette;;;;;;
1019;2;burocrazia;;;;;;
1020;3;farmacodinamica;;bifosfonati;collateralità;;;
1021;3;farmacodinamica;;labetalolo;;;;
1022;2;burocrazia;;;;;;
1023;3;farmacodinamica;;;;;;
1024;3;farmacodinamica;interazioni;adrenergici;;;;
1025;3;farmacodinamica;;statine;;;;
1026;3;farmacodinamica;;oppioidi;;;;
1027;2;burocrazia;;;;;;
1028;3;farmacodinamica;;griseofulvina;;;;
1029;3;farmacodinamica;;;;;;
1030;3;farmacodinamica;;anestetici;;;;
1031;3;farmacodinamica;;amminofillina;;;;
1032;3;farmacodinamica;;anestetici;collateralità;;;
1033;3;farmacodinamica;;;;;;
1034;3;farmacodinamica;;;;;;
1035;1;biologia;;;;;;
1036;3;farmacodinamica;;addison;;;;
1037;2;burocrazia;;;;;;
1038;3;farmacodinamica;;fenilefrina;;;;
1039;3;farmacodinamica;;gotta;;;;
1040;2;burocrazia;;;;;;
1041;3;farmacodinamica;interazioni;neurolettici;;;;
1042;3;farmacodinamica;;minoxidil;;;;
1043;3;farmacodinamica;;dopamina;;;;
1044;1;chimica;;;;;;
1045;3;farmacodinamica;;;;;;
1046;6;cosmetica;;;;;;
1047;3;farmacodinamica;;fexofenadina;;;;
1048;2;burocrazia;;;;;;
1049;3;farmacodinamica;;midriasi;;;;
1050;1;chimica;;;;;;
1051;3;farmacodinamica;;clozapina;;;;
1052;3;farmacodinamica;;muscarinici;;;;
1053;2;ricette;;;;;;
1054;3;farmacodinamica;;;;;;FIGURA
1055;3;farmacodinamica;;naloxone;;;;
1056;2;ricette;;;;;;
1057;3;farmacodinamica;;buprenorfina;;;;
1058;3;farmacodinamica;;anticorpi;;;;
1059;3;farmacocinetica;;;;;;
1060;3;farmacodinamica;interazioni;;;;;
1061;2;burocrazia;;;;;;
1062;3;farmacodinamica;;oppioidi;;;;
1063;3;farmacodinamica;;;;;;
1064;3;farmacocinetica;;;;;;
1065;3;farmacodinamica;;eparina;;;;
1066;2;ricette;;;;;;
1067;2;burocrazia;;;;;;
1068;3;farmacodinamica;;fenotiazine;;;;
1069;3;farmacodinamica;;roflumilast;;;;
1070;3;farmacodinamica;;muscarina;;;;
1071;6;;;;;;;
1072;3;farmacodinamica;;eserina;;;;
1073;3;farmacodinamica;;;;;;
1074;3;farmacodinamica;;;;;;
1075;2;burocrazia;;;;;;
1076;2;burocrazia;;;;;;
1077;3;farmacodinamica;;;;;;
1078;2;burocrazia;;;;;;
1079;2;burocrazia;;;;;;
1080;3;farmacodinamica;;analgesici;;;;
1081;3;farmacocinetica;;;;;;
1082;3;farmacodinamica;;penicillina;;;;
1083;6;omeopatia;;;;;;
1084;3;farmacodinamica;;dopa;;;;
1085;3;farmacodinamica;;parinux;;;;
1086;3;farmacocinetica;;;;;;
1087;3;farmacodinamica;;morfina;;;;
1088;3;farmacodinamica;;fenotiazine;;;;
1089;2;ricette;stupefacenti;;;;;
1090;3;farmacodinamica;;antistaminici;allattamento;;;
1091;2;ricette;veterinari;;;;;
1092;3;farmacodinamica;;;;;;
1093;3;farmacodinamica;;cefallsporine;;;;
1094;2;burocrazia;;;;;;
1095;3;farmacodinamica;;;;;;FIGURA
1096;2;burocrazia;;;;;;
1097;3;farmacodinamica;;angiotensina;collateralità;;;
1098;2;burocrazia;;;;;;
1099;3;farmacodinamica;;nitrati;;;;
1100;3;farmacodinamica;;insulina;;;;
1101;3;farmacodinamica;;tetraciclina;;;;
1102;3;farmacodinamica;;ciclosporina;;;;
1103;1;tecnologia ;;;;;;
1104;1;chimica;;;;;;
1105;3;farmacodinamica;;ramipril;;;;
1106;3;farmacodinamica;;acido valproico;;;;
1107;3;farmacodinamica;;immunosoppressore;;;;
1108;6;cosmetica;;;;;;
1109;3;farmacodinamica;;asma;collateralità;;;
1110;2;ricette;;;;;;
1111;3;farmacodinamica;;trimetoprim;;;;
1112;2;burocrazia;;;;;;
1113;3;farmacodinamica;;antitrombina;;;;
1114;3;farmacodinamica;;;;;;
1115;2;burocrazia;;;;;;
1116;3;farmacodinamica;;flumanezil;;;;
1117;3;farmacodinamica;;quetiapina;;;;
1118;2;galenica;;;;;;
1119;3;farmacodinamica;;triesifenidile;;;;
1120;2;burocrazia;;;;;;
1121;2;burocrazia;farmacovigilanza;;;;;
1122;1;chimica;;;;;;FIGURA
1123;3;farmacodinamica;;antibiotici;;;;
1124;2;galenica;;;;;;
1125;3;farmacodinamica;;istamina;;;;
1126;2;burocrazia;;;;;;
1127;3;farmacodinamica;;;;;;
1128;1;tecnologia ;;;;;;
1129;3;farmacodinamica;;talidomide;;;;
1130;3;farmacodinamica;;feniletilammina;;;;
1131;3;farmacodinamica;;;;;;
1132;1;tecnologia ;;;;;;
1133;2;burocrazia;;;;;;
1134;1;tecnologia ;;;;;;
1135;2;burocrazia;;;;;;
1136;3;farmacodinamica;;FANS;;;;
1137;1;chimica;;;;;;
1138;3;farmacodinamica;;;;;;
1139;3;farmacodinamica;;antipertensivi;;;;
1140;3;farmacodinamica;;FANS;collateralità;;;
1141;2;burocrazia;;;;;;
1142;3;farmacodinamica;;;;;;
1143;3;farmacodinamica;;;;;;
1144;3;farmacocinetica;;;;;;
1145;3;farmacodinamica;;verapamil;;;;
1146;3;farmacodinamica;;;;;;
1147;2;galenica;;;;;;
1148;2;burocrazia;;;;;;
1149;3;farmacodinamica;;nifedipina;;;;
1150;3;farmacodinamica;;pioglitazone;;;;
1151;3;farmacodinamica;;PPI;;;;
1152;2;ricette;;;;;;
1153;1;tecnologia ;;;;;;
1154;3;farmacodinamica;;;;;;
1155;3;farmacodinamica;;;;;;
1156;3;farmacodinamica;;zidovudina;;;;
1157;3;farmacodinamica;;anticorpi;;;;
1158;3;farmacodinamica;;procaina;;;;
1159;3;farmacodinamica;;;;;;
1160;2;burocrazia;;;;;;
1161;3;farmacodinamica;;;;;;
1162;3;farmacodinamica;;diuretici;;;;
1163;3;farmacocinetica;;;;;;
1164;1;tecnologia ;;;;;;
1165;1;chimica;;;;;;FIGURA
1166;6;cosmetica;;;;;;
1167;3;farmacodinamica;;;;;;
1168;3;farmacodinamica;;beta bloccanti;collateralità;;;
1169;3;farmacodinamica;;FANS;;;;
1170;1;biologia;;bcaa;;;;
1171;3;farmacodinamica;;benzodiazepine;;;;
1172;3;farmacodinamica;;miastenia gravis;;;;
1173;3;farmacodinamica;;penicilline;;;;
1174;2;burocrazia;;;;;;
1175;1;chimica;;;;;;
1176;1;chimica;;;;;;FIGURA
1177;3;farmacodinamica;;sulfoniluree;;;;
1178;3;farmacocinetica;;;;;;
1179;3;farmacodinamica;;diidripiridine;;;;
1180;2;ricette;stupefacenti;;;;;
1181;3;farmacodinamica;;diuretici;;;;
1182;3;farmacodinamica;;anestetici;;;;
1183;2;galenica;;;;;;
1184;2;ricette;;;;;;
1185;2;burocrazia;;;;;;
1186;3;farmacodinamica;;angiotensina;;;;
1187;3;farmacodinamica;;verapamil;;;;
1188;2;ricette;;;;;;
1189;2;ricette;stupefacenti;;;;;
1190;3;farmacodinamica;;adrenergici;collateralità;;;
1191;2;ricette;;;;;;
1192;3;farmacodinamica;;venlafaxina;;;;
1193;3;farmacocinetica;;;;;;
1194;1;tecnologia ;;;;;;
1195;3;farmacodinamica;;dapagliflozin;;;;
1196;3;farmacodinamica;;insulina;;;;
1197;3;farmacodinamica;;;;;;
1198;2;burocrazia;;;;;;
1199;3;farmacodinamica;;penicilline;;;;
1200;3;farmacodinamica;;tirzepatide;;;;
1201;3;farmacodinamica;;insulina;;;;
1202;2;galenica;;;;;;
1203;1;tecnologia ;;;;;;
1204;2;galenica;;;;;;
1205;6;;;;;;;
1206;3;farmacodinamica;;droghe;;;;
1207;2;ricette;stupefacenti;;;;;
1208;3;farmacodinamica;;angiotensina;;;;
1209;3;farmacodinamica;;anticorpi;;;;
1210;1;tecnologia ;;;;;;
1211;6;cosmetica;;;;;;
1212;2;burocrazia;;;;;;
1213;2;burocrazia;;;;;;
1214;2;burocrazia;;;;;;
1215;3;farmacodinamica;;;;;;
1216;3;farmacodinamica;;;;;;
1217;3;farmacodinamica;;anticorpi;;;;
1218;3;farmacodinamica;;silosodina;;;;
1219;3;farmacodinamica;;allattamento;;;;
1220;2;burocrazia;;;;;;
1221;3;farmacodinamica;;imipramina;collateralità;;;
1222;3;farmacocinetica;;;;;;
1223;1;chimica;;;;;;
1224;3;farmacodinamica;;diuretici;;;;
1225;3;farmacodinamica;;anticorpi;;;;
1226;2;burocrazia;;;;;;
1227;6;cosmetica;;;;;;
1228;2;galenica;;;;;;
1229;2;burocrazia;;;;;;
1230;2;ricette;;;;;;
1231;3;farmacodinamica;;droghe;;;;
1232;2;ricette;;;;;;
1233;3;farmacocinetica;;digossina;;;;
1234;2;ricette;limitative;;;;;
1235;2;ricette;stupefacenti;;;;;
1236;1;tecnologia ;;;;;;
1237;3;farmacodinamica;;naloxone;;;;
1238;2;burocrazia;;;;;;
1239;3;farmacodinamica;;;;;;
1240;2;burocrazia;;;;;;
1241;1;tecnologia ;;;;;;
1242;2;burocrazia;;;;;;
1243;1;chimica;pH;;;;;
1244;2;ricette;;;;;;
1245;2;ricette;;;;;;
1246;3;farmacodinamica;;sildenafil;;;;
1247;3;farmacodinamica;;droghe;;;;
1248;2;burocrazia;;;;;;
1249;3;farmacodinamica;;sulfasalazina;;;;
1250;3;farmacodinamica;;tocilizumab;anticorpi;;;
1251;3;farmacodinamica;;anticorpi;;;;
1252;3;farmacodinamica;;galantamina;;;;
1253;1;biologia;;bcaa;;;;FIGURA
1254;6;;;;;;;
1255;3;farmacodinamica;;diabete;;;;
1256;2;burocrazia;;;;;;
1257;3;farmacodinamica;;blu di metilene;;;;
1258;2;burocrazia;;;;;;
1259;2;burocrazia;;;;;;
1260;3;farmacodinamica;;benzodiazepina;;;;
1261;2;burocrazia;;;;;;
1262;2;burocrazia;;;;;;
1263;3;farmacodinamica;;gliflozine;;;;
1264;6;cosmetica;;;;;;
1265;2;ricette;;;;;;
1266;3;farmacodinamica;;zidovudina;;;;
1267;2;ricette;;;;;;
1268;2;ricette;veterinari;;;;;
1269;2;ricette;veleni;;;;;
1270;3;farmacodinamica;;gliflozine;collateralità;;;
1271;3;farmacodinamica;;penicilline;collateralità;;;
1272;1;chimica;;;;;;
1273;6;cosmetica;;;;;;
1274;3;farmacodinamica;;metformina;collateralità;;;
1275;2;galenica;;;;;;
1276;1;biologia;;bcaa;;;;FIGURA
1277;3;farmacodinamica;;sitagliptin;;;;
1278;3;farmacodinamica;;glicosidi antrachinonici;;;;
1279;3;farmacodinamica;;clozapina;;;;
1280;3;farmacodinamica;;ipertermia maligna;;;;
1281;3;farmacocinetica;;;;;;
1282;3;farmacodinamica;;cetirizina;;;;
1283;3;farmacodinamica;;diclofenac;;;;
1284;2;burocrazia;;;;;;
1285;3;farmacodinamica;;sodio cromoglicato;;;;
1286;3;farmacodinamica;;artrite rumatoide;;;;
1287;3;farmacodinamica;;;;;;
1288;1;chimica;;;;;;
1289;2;ricette;stupefacenti;;;;;
1290;2;galenica;;;;;;
1291;1;biologia;;;;;;
1292;3;farmacodinamica;;cetirizina;;;;
1293;2;galenica;;;;;;
1294;3;farmacocinetica;;;;;;
1295;3;farmacodinamica;;antistaminici;collateralità;;;
1296;3;farmacodinamica;;antibiotici;;;;
1297;3;farmacodinamica;;asma;;;;
1298;2;ricette;;;;;;
1299;3;farmacocinetica;;;;;;
1300;2;burocrazia;;;;;;
1301;1;chimica;;;;;;FIGURA
1302;2;ricette;stupefacenti;;;;;
1303;3;farmacodinamica;;diuretici;collateralità;;;
1304;3;farmacodinamica;;;;;;
1305;3;farmacodinamica;;disulfiram;;;;
1306;2;ricette;stupefacenti;;;;;
1307;2;burocrazia;;;;;;
1308;3;farmacodinamica;;eritromicina;;;;
1309;3;farmacodinamica;;;;;;
1310;3;farmacodinamica;;antiepilettico;;;;
1311;3;farmacodinamica;;reflusso;;;;
1312;3;farmacodinamica;;aciclovir;;;;
1313;3;farmacodinamica;;;;;;
1314;3;farmacodinamica;;antipsicotici;;;;
1315;3;farmacodinamica;;;;;;
1316;3;farmacodinamica;;bifosfonati;;;;
1317;3;farmacocinetica;;;;;;
1318;3;farmacodinamica;;indometacina;;;;
1319;3;farmacodinamica;;tamoxifene;;;;
1320;3;farmacodinamica;interazioni;n-acetilcisteina;;;;
1321;3;farmacodinamica;;;;;;
1322;3;farmacodinamica;;doxazosina;;;;
1323;3;farmacocinetica;;;;;;
1324;3;farmacodinamica;;clorfenamina;;;;
1325;3;farmacodinamica;;imipenem;;;;
1326;6;;;;;;;
1327;3;farmacodinamica;;levodropropizina;;;;
1328;3;farmacodinamica;interazioni;FANS;;;;
1329;3;farmacodinamica;;;;;;
1330;2;ricette;;;;;;
1331;3;farmacodinamica;;destrometorfano;;;;
1332;3;farmacodinamica;;;;;;
1333;3;farmacocinetica;;;;;;
1334;3;farmacodinamica;;paratormone;;;;
1335;3;farmacodinamica;;istamina;;;;
1336;3;farmacodinamica;;difenilidantoina;;;;
1337;3;farmacodinamica;;sulfamidici;collateralità;;;
1338;3;farmacodinamica;;diuretici;collateralità;;;
1339;3;farmacodinamica;;PPI;collateralità;;;
1340;1;tecnologia ;;;;;;
1341;6;cosmetica;;;;;;
1342;2;burocrazia;;;;;;
1343;1;chimica;;;;;;
1344;2;burocrazia;;;;;;
1345;2;ricette;stupefacenti;;;;;
1346;2;ricette;stupefacenti;;;;;
1347;1;chimica;gruppi funzionali;;;;;
1348;2;ricette;veterinari;;;;;
1349;2;ricette;;;;;;
1350;3;farmacodinamica;interazioni;;;;;
1351;3;farmacocinetica;;;;;;FIGURA
1352;3;farmacodinamica;;nifedipina;;;;
1353;2;burocrazia;;;;;;
1354;1;tecnologia ;;;;;;
1355;3;farmacodinamica;;antibiotici;;;;
1356;3;farmacodinamica;;vigabatrin;;;;
1357;2;ricette;;;;;;
1358;2;ricette;veterinari;;;;;
1359;3;farmacodinamica;;glaucoma;;;;
1360;3;farmacodinamica;;ACTH;;;;
1361;3;farmacodinamica;;;;;;
1362;1;chimica;pH;;;;;
1363;3;farmacodinamica;interazioni;diabete;;;;
1364;2;burocrazia;;;;;;
1365;3;farmacodinamica;;granisetron;;;;
1366;3;farmacodinamica;interazioni;FANS;;;;
1367;6;;;;;;;
1368;2;burocrazia;;;;;;
1369;1;tecnologia ;;;;;;
1370;1;biologia;;dopamina;;;;
1371;3;farmacodinamica;;;;;;
1372;3;farmacodinamica;;inositol;;;;
1373;1;biologia;;;;;;
1374;3;farmacodinamica;;benzodiazepine;;;;
1375;3;farmacodinamica;;istamina;;;;
1376;2;galenica;;;;;;
1377;3;farmacodinamica;;PPI;;;;
1378;3;farmacodinamica;;aniracetam;;;;
1379;3;farmacodinamica;;;;;;
1380;3;farmacodinamica;;;;;;
1381;3;farmacodinamica;;cefalosporine;;;;
1382;3;farmacodinamica;;cefixima;;;;
1383;3;farmacodinamica;;diabete;metformina;;;
1384;3;farmacodinamica;;sulfaniluree;;;;
1385;1;tecnologia ;;;;;;
1386;3;farmacodinamica;;dapagliflozin;;;;
1387;3;farmacodinamica;;lidocaina;;;;
1388;3;farmacodinamica;;topotecan;;;;
1389;3;farmacodinamica;;bromocriptina;;;;
1390;3;farmacodinamica;;goserelin;;;;
1391;3;farmacodinamica;;diuretici;;;;
1392;2;burocrazia;;;;;;
1393;1;tecnologia ;;;;;;
1394;3;farmacodinamica;;clorfenamina;;;;
1395;3;farmacodinamica;;metadone;;;;
1396;2;burocrazia;;;;;;
1397;2;ricette;;;;;;
1398;3;farmacodinamica;;antracicline;;;;
1399;2;ricette;;;;;;
1400;2;ricette;limitative;;;;;
1401;2;burocrazia;;;;;;
1402;2;burocrazia;;;;;;
1403;3;farmacodinamica;;vildagliptin;;;;
1404;3;farmacodinamica;;levonorgestrel;;;;
1405;3;farmacodinamica;;glaucoma;;;;
1406;3;farmacodinamica;;aldosterone;;;;
1407;3;farmacodinamica;;ranibizumab;anticorpi;;;
1408;3;farmacodinamica;;succinimmide;;;;
1409;3;farmacodinamica;;cortisonici;;;;
1410;3;farmacodinamica;;levodopa;;;;
1411;2;burocrazia;;;;;;
1412;3;farmacodinamica;;desclorfeniramina;;;;
1413;6;;;;;;;
1414;3;farmacocinetica;;;;;;
1415;3;farmacodinamica;;adrenalina;;;;
1416;3;farmacodinamica;;;;;;
1417;3;farmacodinamica;;ampicillina;;;;
1418;3;farmacodinamica;;diabete;;;;
1419;2;burocrazia;;;;;;
1420;3;farmacodinamica;;;;;;
1421;3;farmacodinamica;;covid;;;;
1422;3;farmacocinetica;;;;;;
1423;3;farmacocinetica;;;;;;
1424;3;farmacodinamica;;biperidene;triesifenidile;;;
1425;3;farmacodinamica;;benzodiazepine;;;;
1426;3;farmacodinamica;;yohimbina;;;;
1427;2;burocrazia;;;;;;
1428;3;farmacodinamica;;glitazoni;;;;
1429;2;ricette;stupefacenti;;;;;
1430;3;farmacodinamica;;sucralfato;;;;
1431;3;farmacodinamica;interazioni;;;;;
1432;3;farmacodinamica;;lisinopril;;;;
1433;2;burocrazia;;;;;;
1434;2;burocrazia;;;;;;
1435;3;farmacodinamica;;sofosbuvir;;;;
1436;3;farmacocinetica;;;;;;
1437;3;farmacodinamica;;gnrh;;;;
1438;2;burocrazia;;;;;;
1439;1;tecnologia ;;;;;;
1440;1;chimica;;;;;;
1441;3;farmacodinamica;;midriasi;;;;
1442;2;ricette;veterinari;;;;;
1443;2;ricette;;;;;;
1444;3;farmacodinamica;;triptani;;;;
1445;3;farmacodinamica;;piridostigmina;;;;
1446;3;farmacodinamica;;cortisonici;;;;
1447;2;burocrazia;;;;;;
1448;3;farmacodinamica;;fisostigmina;;;;
1449;3;farmacodinamica;;anticorpi;;;;
1450;3;farmacodinamica;;adenilato ciclasi;;;;
1451;3;farmacocinetica;;;;;;
1452;2;burocrazia;;;;;;
1453;1;tecnologia ;;;;;;
1454;3;farmacodinamica;;;;;;FIGURA
1455;2;burocrazia;;;;;;
1456;3;farmacodinamica;;furocumarine;collateralità;;;
1457;1;tecnologia ;;;;;;
1458;2;ricette;;;;;;
1459;3;farmacodinamica;;anticorpi;;;;
1460;3;farmacocinetica;;;;;;
1461;2;burocrazia;;;;;;
1462;3;farmacocinetica;;;;;;
1463;2;burocrazia;;;;;;
1464;3;farmacodinamica;;antiiotici;;;;
1465;2;ricette;veterinari;;;;;
1466;6;;;;;;;
1467;3;farmacodinamica;;antibiotici;;;;
1468;2;burocrazia;;;;;;
1469;2;burocrazia;;;;;;
1470;2;burocrazia;;;;;;
1471;2;burocrazia;;;;;;
1472;3;farmacodinamica;;chinoloni;;;;
1473;3;farmacodinamica;;parkinson;;;;
1474;1;biologia;;;;;;
1475;2;burocrazia;;;;;;
1476;3;farmacodinamica;;;;;;
1477;3;farmacodinamica;;parkinson;;;;
1478;3;farmacodinamica;;droghe;;;;
1479;1;tecnologia ;;;;;;FIGURA
1480;2;burocrazia;;;;;;
1481;3;farmacodinamica;;nitrati;;;;
1482;3;farmacodinamica;;;;;;
1483;3;farmacodinamica;;simeticone;;;;
1484;3;farmacodinamica;;;;;;
1485;3;farmacodinamica;;collateralità;;;;
1486;1;tecnologia ;;;;;;
1487;3;farmacocinetica;;;;;;
1488;6;;;;;;;
1489;2;burocrazia;;;;;;
1490;3;farmacodinamica;;tetracaina;;;;
1491;1;chimica;pH;;;;;
1492;1;biologia;;;;;;
1493;3;farmacodinamica;;oximetazolina;;;;
1494;3;farmacodinamica;;asma;;;;
1495;6;;;;;;;
1496;3;farmacodinamica;;glucocorticoidi;;;;
1497;3;farmacodinamica;;collateralità;;;;
1498;3;farmacodinamica;;diuretici;;;;
1499;1;tecnologia ;;;;;;
1500;3;farmacodinamica;;cefalosporine;;;;
1501;1;biologia;;;;;;
1502;1;chimica;;;;;;
1503;3;farmacodinamica;;ocusert;;;;
1504;1;tecnologia ;;potassio acesulfame;;;;
1505;3;farmacodinamica;;;;;;
1506;3;farmacodinamica;;collateralità;;;;
1507;6;;;;;;;
1508;1;biologia;;;;;;
1509;1;tecnologia ;;;;;;
1510;1;biologia;;;;;;
1511;2;burocrazia;;;;;;
1512;3;farmacodinamica;;fenitoina;;;;
1513;3;farmacodinamica;;oxetacaina;;;;
1514;6;omeopatia;;;;;;
1515;2;ricette;stupefacenti;;;;;
1516;3;farmacodinamica;;mepivacaina;;;;
1517;2;ricette;;;;;;
1518;2;ricette;veleni;;;;;
1519;3;farmacodinamica;;fexofenadina;;;;
1520;3;farmacodinamica;;droghe;;;;
1521;3;farmacodinamica;;simvastatina;;;;
1522;2;burocrazia;;;;;;
1523;2;ricette;veterinari;;;;;
1524;3;farmacodinamica;;sulfasalazina;;;;
1525;1;tecnologia ;;;;;;
1526;2;ricette;stupefacenti;;;;;
1527;3;farmacocinetica;;;;;;
1528;2;ricette;veterinari;;;;;
1529;2;burocrazia;;;;;;
1530;3;farmacodinamica;;;;;;
1531;3;farmacodinamica;;acido acetilsalicilico;;;;
1532;3;farmacodinamica;;;;;;FIGURA
1533;1;tecnologia ;;;;;;
1534;6;;;;;;;
1535;3;farmacodinamica;interazioni;MAO;;;;
1536;2;ricette;;;;;;
1537;3;farmacodinamica;;;;;;
1538;3;farmacodinamica;;PPI;;;;
1539;6;cosmetica;;;;;;
1540;3;farmacodinamica;;estrogeni;;;;
1541;2;burocrazia;;;;;;
1542;3;farmacodinamica;;antitrombina;;;;
1543;3;farmacodinamica;;acido alendronico;collateralità;;;
1544;3;farmacodinamica;;;;;;
1545;3;farmacodinamica;;acetilcolina;;;;
1546;3;farmacodinamica;;benziodiazepina;;;;
1547;3;farmacodinamica;;cortisonici;;;;
1548;2;burocrazia;;;;;;
1549;1;chimica;;;;;;
1550;2;burocrazia;;;;;;
1551;3;farmacodinamica;;penicilline;;;;
1552;2;burocrazia;;;;;;
1553;3;farmacodinamica;;;;;;
1554;1;tecnologia ;;;;;;
1555;1;tecnologia ;;;;;;
1556;2;burocrazia;;;;;;
1557;1;biologia;;;;;;
1558;2;burocrazia;;;;;;
1559;2;burocrazia;;;;;;
1560;3;farmacodinamica;;;;;;
1561;1;biologia;;;;;;
1562;3;farmacodinamica;;diabete;;;;
1563;3;farmacodinamica;;calcineurina;;;;
1564;3;farmacodinamica;;;;;;
1565;3;farmacocinetica;;;;;;
1566;2;burocrazia;;;;;;
1567;1;biologia;;;;;;
1568;3;farmacodinamica;;anestetici;;;;
1569;3;farmacodinamica;;reserpina;;;;
1570;6;;;;;;;
1571;3;farmacocinetica;;;;;;
1572;2;burocrazia;;;;;;
1573;3;farmacodinamica;;antibatterici;;;;
1574;3;farmacodinamica;;donepezil;;;;
1575;3;farmacodinamica;;MAO;;;;
1576;3;farmacodinamica;;antipsicotici;;;;
1577;2;galenica;;;;;;
1578;2;ricette;stupefacenti;;;;;
1579;2;burocrazia;;;;;;
1580;3;farmacodinamica;;sirolimus;ciclosporine;;;
1581;2;burocrazia;;;;;;
1582;3;farmacocinetica;;;;;;
1583;3;farmacodinamica;;paracetamolo;;;;
1584;3;farmacodinamica;;adrenergici;;;;
1585;2;ricette;veterinari;;;;;
1586;2;ricette;veterinari;;;;;
1587;3;farmacodinamica;;digitale;;;;
1588;1;chimica;;;;;;FIGURA
1589;2;burocrazia;;;;;;
1590;3;farmacodinamica;;codeina;droghe;;;
1591;6;cosmetica;;;;;;
1592;3;farmacodinamica;;terazosina;;;;
1593;3;farmacodinamica;;alcool;;;;
1594;2;burocrazia;;;;;;
1595;2;burocrazia;;;;;;
1596;2;galenica;;;;;;
1597;3;farmacodinamica;;propafenone;;;;
1598;1;tecnologia ;;;;;;
1599;3;farmacodinamica;;;;;;
1600;2;burocrazia;;;;;;
1601;1;biologia;;;;;;
1602;2;burocrazia;;;;;;
1603;1;tecnologia ;;;;;;
1604;3;farmacodinamica;;cefalsporine;;;;
1605;3;farmacocinetica;;;;;;
1606;3;farmacodinamica;;triptani;;;;FIGURA
1607;3;farmacodinamica;;antibiotici;;;;
1608;3;farmacodinamica;;diabete;;;;
1609;3;farmacocinetica;;;;;;
1610;3;farmacodinamica;;anticoagulanti;;;;
1611;3;farmacodinamica;;acetazolamide;;;;
1612;1;biologia;;;;;;
1613;3;farmacocinetica;;;;;;
1614;3;farmacodinamica;;dopamina;;;;
1615;1;tecnologia ;;;;;;
1616;3;farmacodinamica;;antidepressivi;;;;
1617;3;farmacodinamica;;;;;;
1618;3;farmacodinamica;;pindololo;;;;
1619;2;burocrazia;;;;;;
1620;2;burocrazia;;;;;;
1621;3;farmacodinamica;;statine;;;;
1622;3;farmacodinamica;;asma;;;;
1623;3;farmacodinamica;;HIV;;;;
1624;3;farmacodinamica;;collateralità;barbiturici;;;
1625;3;farmacodinamica;;psicosi;;;;
1626;3;farmacodinamica;;MAO;;;;
1627;3;farmacodinamica;;;;;;
1628;3;farmacodinamica;;;;;;
1629;3;farmacodinamica;;ketoralac;;;;
1630;3;farmacodinamica;;perginterferone;;;;
1631;3;farmacodinamica;;antipertensivi;;;;
1632;3;farmacocinetica;;;;;;
1633;3;farmacodinamica;interazioni;diuretici;;;;
1634;3;farmacodinamica;;anticoagulanti;;;;
1635;3;farmacodinamica;;bifosfonati;collateralità;;;
1636;3;farmacodinamica;;glicodisi ditalici;;;;
1637;3;farmacodinamica;;infliximab;;;;
1638;2;ricette;stupefacenti;;;;;
1639;3;farmacodinamica;;cromoglicato;;;;
1640;6;;;;;;;
1641;3;farmacodinamica;;;;;;
1642;2;burocrazia;;;;;;
1643;2;burocrazia;;;;;;
1644;3;farmacodinamica;;;;;;
1645;3;farmacocinetica;;;;;;
1646;3;farmacodinamica;;;;;;
1647;3;farmacodinamica;;antibiotici;;;;FIGURA
1648;2;burocrazia;;;;;;
1649;3;farmacodinamica;;acido arachidonico;;;;
1650;3;farmacodinamica;;spironolattone;;;;
1651;3;farmacodinamica;;rituximab;anticorpi;;;
1652;3;farmacodinamica;;;;;;FIGURA
1653;3;farmacodinamica;;ciclofosfamide;;;;
1654;3;farmacodinamica;;;;;;
1655;1;biologia;;;;;;
1656;3;farmacodinamica;;;;;;
1657;2;burocrazia;;;;;;
1658;3;farmacodinamica;;vaccino;;;;
1659;3;farmacodinamica;;iperplasia;collateralità;;;
1660;3;farmacodinamica;;levodopa;;;;
1661;1;biologia;;;;;;
1662;2;burocrazia;;;;;;
1663;3;farmacodinamica;;diuretici;;;;
1664;3;farmacodinamica;;tachifilassi;;;;
1665;3;farmacodinamica;;antimicrobici;;;;
1666;3;farmacodinamica;;disulfiram;;;;
1667;3;farmacodinamica;;bevacizumab;;;;
1668;2;ricette;stupefacenti;;;;;
1669;3;farmacodinamica;;;;;;
1670;1;chimica;gruppi funzionali;;;;;FIGURA
1671;3;farmacodinamica;;ibuprofene;;;;
1672;3;farmacodinamica;;;;;;
1673;6;omeopatia;;;;;;
1674;2;galenica;;;;;;
1675;3;farmacodinamica;;diuretici;;;;
1676;3;farmacodinamica;;tamoxifene;;;;
1677;3;farmacodinamica;;;;;;
1678;3;farmacodinamica;;collateralità;morfina;;;
1679;1;tecnologia ;;;;;;
1680;3;farmacodinamica;;antibiotici;;;;
1681;3;farmacodinamica;;diuretici;;;;
1682;3;farmacodinamica;;cloramfenicolo;collateralità;;;
1683;3;farmacodinamica;;collateralità;;;;
1684;3;farmacodinamica;;litio;;;;
1685;3;farmacodinamica;;sartani;;;;
1686;3;farmacodinamica;;metrotexato;;;;
1687;3;farmacodinamica;;gnrh;;;;
1688;1;chimica;;;;;;
1689;3;farmacodinamica;;benzodiazepine;;;;
1690;1;tecnologia ;;;;;;
1691;6;cosmetica;;;;;;
1692;2;ricette;stupefacenti;;;;;
1693;3;farmacodinamica;;sulfaniluree;;;;
1694;3;farmacodinamica;;;;;;
1695;1;tecnologia ;;;;;;
1696;6;cosmetica;;;;;;
1697;3;farmacodinamica;interazioni;;;;;
1698;3;farmacodinamica;;levodopa;;;;
1699;3;farmacodinamica;;levodopa;;;;
1700;3;farmacodinamica;;statine;;;;
1701;3;farmacodinamica;;calestramina;collateralità;;;
1702;2;galenica;;;;;;
1703;3;farmacodinamica;;;;;;
1704;1;chimica;pH;;;;;
1705;1;chimica;;;;;;FIGURA
1706;3;farmacodinamica;;angina;trinitroglicerina;;;
1707;3;farmacodinamica;;colchicina;;;;
1708;3;farmacodinamica;;benodiazepine;;;;
1709;3;farmacodinamica;;HIV;;;;
1710;3;farmacocinetica;;;;;;
1711;6;cosmetica;;;;;;
1712;1;chimica;pH;;;;;
1713;3;farmacodinamica;;;;;;
1714;3;farmacodinamica;;antibiotici;;;;
1715;3;farmacodinamica;;;;;;FIGURA
1716;1;chimica;;;;;;
1717;3;farmacodinamica;;;;;;
1718;2;burocrazia;;;;;;
1719;3;farmacodinamica;;;;;;
1720;6;cosmetica;;;;;;
1721;3;farmacodinamica;;vincristina;;;;
1722;3;farmacodinamica;;parkinson;;;;
1723;3;farmacocinetica;;;;;;
1724;1;chimica;;;;;;FIGURA
1725;1;tecnologia ;;;;;;
1726;3;farmacodinamica;;MAO;;;;
1727;3;farmacodinamica;;organofosforici;collateralità;;;
1728;3;farmacodinamica;;antidepressivo;;;;
1729;2;burocrazia;;;;;;
1730;3;farmacodinamica;;mannitolo;;;;
1731;3;farmacodinamica;;adrenergici;;;;
1732;3;farmacodinamica;;;;;;
1733;3;farmacodinamica;interazioni;;;;;
1734;6;;;;;;;
1735;3;farmacodinamica;;antibiotici;;;;
1736;1;tecnologia ;;;;;;
1737;1;chimica;pH;;;;;
1738;3;farmacodinamica;;botulino;;;;
1739;3;farmacodinamica;;loratadina;;;;
1740;3;farmacodinamica;;antibiotici;;;;
1741;3;farmacodinamica;;dopamina;;;;
1742;2;burocrazia;;;;;;
1743;3;farmacodinamica;;droghe;;;;
1744;3;farmacodinamica;;;;;;
1745;3;farmacodinamica;;baclofene;;;;
1746;1;chimica;;;;;;
1747;3;farmacodinamica;;disulfiram;;;;
1748;3;farmacodinamica;;mucillagini;;;;
1749;3;farmacodinamica;;benzodiazepine;;;;
1750;3;farmacodinamica;;;;;;
1751;3;farmacodinamica;;ipnoinducente;;;;
1752;3;farmacodinamica;;;;;;
1753;3;farmacocinetica;;;;;;FIGURA
1754;3;farmacodinamica;;rifampicina;;;;
1755;2;burocrazia;;;;;;
1756;3;farmacodinamica;;morfina;;;;
1757;3;farmacodinamica;;eritropoietina;;;;
1758;3;farmacodinamica;interazioni;asma;;;;
1759;3;farmacodinamica;;antipertensivi;;;;
1760;3;farmacodinamica;;;;;;
1761;3;farmacocinetica;;;;;;
1762;2;burocrazia;;;;;;
1763;1;tecnologia ;;;;;;
1764;3;farmacodinamica;;adrenergici;;;;
1765;2;burocrazia;;;;;;
1766;6;;;;;;;
1767;3;farmacodinamica;;;;;;
1768;3;farmacodinamica;;propanololo;;;;
1769;1;chimica;pH;;;;;
1770;3;farmacodinamica;;;;;;
1771;2;galenica;;;;;;
1772;2;burocrazia;;;;;;
1773;2;burocrazia;;;;;;
1774;3;farmacodinamica;;oppioidi;;;;
1775;3;farmacodinamica;;;;;;
1776;2;ricette;;;;;;
1777;1;chimica;;;;;;
1778;3;farmacodinamica;;naloxone;;;;
1779;1;tecnologia ;;;;;;
1780;2;burocrazia;;;;;;
1781;1;tecnologia ;;;;;;
1782;3;farmacodinamica;;;;;;
1783;3;farmacodinamica;;fluorochinoloni;;;;
1784;3;farmacodinamica;;ciprofloxacina;;;;
1785;3;farmacodinamica;;selegilina;denepril;;;
1786;3;farmacodinamica;;;;;;
1787;1;biologia;;;;;;
1788;6;;;;;;;
1789;3;farmacodinamica;;muscarinici;;;;
1790;1;biologia;;;;;;
1791;3;farmacodinamica;;antimicrobici;;;;
1792;3;farmacodinamica;;;;;;
1793;3;farmacodinamica;;betametasone;;;;
1794;6;omeopatia;;;;;;
1795;3;farmacodinamica;;;;;;
1796;3;farmacodinamica;;sofosbuvir;;;;
1797;3;farmacodinamica;;;;;;
1798;6;omeopatia;;;;;;
1799;3;farmacodinamica;;olmesartan;;;;
1800;2;burocrazia;;;;;;
1801;2;ricette;stupefacenti;;;;;
1802;3;farmacodinamica;;calcio antagonisti;;;;
1803;3;farmacodinamica;;eitromicina;;;;
1804;1;tecnologia ;;;;;;
1805;3;farmacodinamica;;;;;;
1806;3;farmacodinamica;;maraviroc;HIV;;;
1807;3;farmacodinamica;;anticorpi;;;;
1808;3;farmacodinamica;;alfuzosina;;;;
1809;3;farmacodinamica;;statine;collateralità;;;
1810;3;farmacodinamica;interazioni;;;;;
1811;1;tecnologia ;;;;;;
1812;3;farmacodinamica;;lidocaina;;;;
1813;2;burocrazia;;;;;;
1814;6;;;;;;;
1815;1;chimica;pH;;;;;
1816;3;farmacodinamica;;biguanidi;;;;
1817;3;farmacodinamica;;;;;;
1818;2;burocrazia;;;;;;
1819;1;chimica;pH;;;;;
1820;3;farmacodinamica;;nafazolina;;;;
1821;3;farmacodinamica;;antidepressivi;;;;
1822;2;burocrazia;;;;;;
1823;2;burocrazia;;;;;;
1824;2;burocrazia;;;;;;
1825;3;farmacodinamica;;naloxone;;;;
1826;2;galenica;;;;;;
1827;2;ricette;stupefacenti;;;;;
1828;2;burocrazia;;;;;;
1829;1;tecnologia ;;;;;;
1830;3;farmacodinamica;;;;;;
1831;3;farmacodinamica;;;;;;
1832;3;farmacodinamica;;;;;;
1833;2;ricette;stupefacenti;;;;;
1834;2;ricette;veterinari;;;;;
1835;1;biologia;;;;;;
1836;3;farmacodinamica;;antineoplastici;;;;
1837;3;farmacodinamica;;;;;;
1838;3;farmacodinamica;;diuretici;;;;
1839;2;galenica;;;;;;
1840;3;farmacodinamica;;sulfoniluree;;;;
1841;2;galenica;;;;;;
1842;3;farmacodinamica;;ketoralac;trometamina;;;
1843;3;farmacocinetica;;;;;;
1844;3;farmacodinamica;;glicosidi;;;;
1845;3;farmacodinamica;;ritonavir;;;;
1846;3;farmacodinamica;;MAO;oximetazolina;;;
1847;2;galenica;;;;;;
1848;2;ricette;veterinari;;;;;
1849;2;ricette;urgenza;;;;;
1850;3;farmacodinamica;;morfina;;;;
1851;1;tecnologia ;;;;;;
1852;1;tecnologia ;;;;;;
1853;3;farmacodinamica;;antineoplastici;;;;
1854;3;farmacodinamica;;oppioidi;;;;
1855;3;farmacodinamica;;morfina;;;;
1856;3;farmacodinamica;;oseltamivir;;;;
1857;3;farmacodinamica;;fenilefrina;;;;
1858;3;farmacodinamica;;timolettici;;;;
1859;3;farmacodinamica;;antidepressivi;;;;
1860;1;chimica;;;;;;
1861;2;ricette;stupefacenti;;;;;
1862;1;chimica;;;;;;
1863;1;tecnologia ;;;;;;
1864;3;farmacodinamica;;;;;;
1865;3;farmacodinamica;;;;;;
1866;3;farmacodinamica;;penicillina;;;;
1867;2;burocrazia;;;;;;
1868;2;burocrazia;;;;;;
1869;2;ricette;stupefacenti;;;;;
1870;2;burocrazia;;;;;;
1871;3;farmacodinamica;;;;;;FIGURA
1872;3;farmacodinamica;;ipratropio;;;;
1873;2;ricette;veterinari;;;;;
1874;6;;;;;;;
1875;6;;;;;;;
1876;3;farmacodinamica;;anestetici;;;;
1877;3;farmacodinamica;;;;;;
1878;6;omeopatia;;;;;;
1879;3;farmacodinamica;;amfotericina;;;;
1880;3;farmacodinamica;;macrolide;;;;
1881;2;ricette;stupefacenti;;;;;
1882;3;farmacodinamica;;;;;;
1883;3;farmacodinamica;;;;;;
1884;2;galenica;;;;;;
1885;3;farmacodinamica;;anticorpi;;;;
1886;1;tecnologia ;;;;;;
1887;6;cosmetica;;;;;;
1888;1;chimica;pH;;;;;
1889;6;cosmetica;;;;;;
1890;6;cosmetica;;;;;;
1891;3;farmacodinamica;;diuretici;;;;
1892;3;farmacodinamica;;lidocaina;;;;
1893;3;farmacodinamica;;antracicline;collateralità;;;
1894;3;farmacodinamica;;;;;;
1895;3;farmacodinamica;;;;;;
1896;3;farmacodinamica;;droghe;;;;
1897;2;ricette;veterinari;;;;;
1898;3;farmacodinamica;;flumanezil;;;;
1899;2;galenica;;;;;;
1900;3;farmacodinamica;;sorafenib;;;;
1901;3;farmacodinamica;;fluoxetina;;;;
1902;1;biologia;;;;;;
1903;3;farmacodinamica;;antibiotici;;;;
1904;1;chimica;;;;;;
1905;2;ricette;veterinari;;;;;
1906;2;ricette;urgenza;;;;;
1907;3;farmacodinamica;;antineoplastici;;;;
1908;3;farmacodinamica;;COXIB;;;;
1909;3;farmacodinamica;;acido acetilsalicilico;;;;
1910;3;farmacodinamica;;clofibrato;;;;
1911;3;farmacodinamica;;benzodiazepine;;;;
1912;3;farmacodinamica;;beta bloccanti;;;;
1913;3;farmacocinetica;;;;;;FIGURA
1914;2;ricette;veleni;;;;;
1915;3;farmacodinamica;;collateralità;;;;
1916;3;farmacodinamica;;penicillina;;;;
1917;3;farmacodinamica;;;;;;FIGURA
1918;3;farmacodinamica;;;;;;
1919;3;farmacodinamica;;statina;;;;
1920;2;burocrazia;;;;;;
1921;3;farmacodinamica;;diltiazem;;;;
1922;2;ricette;;;;;;
1923;2;ricette;stupefacenti;;;;;
1924;3;farmacodinamica;;gabapentin;;;;
1925;3;farmacodinamica;;;;;;
1926;3;farmacodinamica;;verapamil;;;;
1927;2;burocrazia;;;;;;
1928;3;farmacodinamica;;;;;;
1929;3;farmacodinamica;;;;;;
1930;3;farmacocinetica;;;;;;
1931;2;ricette;stupefacenti;;;;;
1932;1;tecnologia ;;;;;;
1933;3;farmacodinamica;interazioni;;;;;
1934;6;;;;;;;
1935;3;farmacodinamica;;;;;;
1936;6;;;;;;;
1937;1;chimica;;;;;;
1938;2;burocrazia;;;;;;
1939;3;farmacodinamica;;antipsicotici;;;;
1940;3;farmacodinamica;;ciprofloxacina;;;;
1941;3;farmacodinamica;;eparina;;;;
1942;2;burocrazia;;;;;;
1943;2;galenica;;;;;;
1944;3;farmacodinamica;;;;;;
1945;1;chimica;;;;;;
1946;6;;;;;;;
1947;3;farmacodinamica;;prazosina;;;;
1948;3;farmacodinamica;;;;;;
1949;2;ricette;stupefacenti;;;;;
1950;3;farmacocinetica;;;;;;
1951;2;burocrazia;;;;;;
1952;3;farmacocinetica;;;;;;
1953;3;farmacocinetica;;;;;;
1954;1;tecnologia ;;;;;;
1955;2;burocrazia;;;;;;
1956;3;farmacodinamica;;fenofibrato;;;;
1957;2;ricette;;;;;;
1958;2;ricette;stupefacenti;;;;;
1959;3;farmacodinamica;;;;;;
1960;3;farmacocinetica;;;;;;
1961;2;burocrazia;;;;;;
1962;2;burocrazia;;;;;;
1963;2;ricette;;;;;;
1964;1;chimica;;;;;;
1965;3;farmacodinamica;;mexiletina;;;;
1966;3;farmacodinamica;;acido acetilsalicilico;;;;
1967;3;farmacocinetica;;;;;;
1968;2;burocrazia;;;;;;
1969;3;farmacodinamica;;desipramina;;;;
1970;2;galenica;;;;;;
1971;1;tecnologia ;;;;;;
1972;3;farmacodinamica;;;;;;
1973;3;farmacodinamica;;naprossene;;;;
1974;3;farmacodinamica;;diuretici;;;;
1975;2;burocrazia;;;;;;
1976;3;farmacodinamica;;;;;;FIGURA
1977;3;farmacodinamica;;;;;;
1978;6;cosmetica;;;;;;
1979;3;farmacodinamica;;levodopa;deprenil;;;
1980;3;farmacocinetica;;;;;;
1981;3;farmacodinamica;;insulina;;;;
1982;3;farmacocinetica;;;;;;
1983;1;chimica;;;;;;
1984;1;biologia;;;;;;
1985;6;;;;;;;
1986;1;tecnologia ;;;;;;
1987;2;burocrazia;;;;;;
1988;3;farmacodinamica;;flumazenil;;;;
1989;2;burocrazia;;;;;;
1990;3;farmacodinamica;;;;;;
1991;3;farmacodinamica;;eparina;acenocumarolo;;;
1992;3;farmacodinamica;;;;;;
1993;1;tecnologia ;;;;;;
1994;2;burocrazia;;;;;;
1995;3;farmacodinamica;;benzodiazepina;;;;
1996;3;farmacodinamica;;antibiotici;;;;
1997;6;;;;;;;
1998;3;farmacodinamica;;triazolam;;;;
1999;3;farmacocinetica;;;;;;
2000;3;farmacodinamica;;acetilcisteina;;;;
2001;6;;;;;;;
2002;2;ricette;stupefacenti;;;;;
2003;3;farmacodinamica;;sofosbuvir;;;;
2004;2;burocrazia;;;;;;
2005;2;ricette;veterinari;;;;;
2006;3;farmacodinamica;;;;;;
2007;1;chimica;;;;;;
2008;2;burocrazia;;;;;;
2009;2;burocrazia;;;;;;
2010;3;farmacodinamica;;paroxetina;;;;
2011;3;farmacodinamica;;vincristina;collateralità;;;
2012;1;biologia;;;;;;
2013;2;burocrazia;;;;;;
2014;3;farmacodinamica;;insulina;;;;
2015;3;farmacodinamica;;rivastigmina;;;;
2016;1;tecnologia ;;;;;;
2017;2;burocrazia;;;;;;
2018;3;farmacodinamica;;afatinib;;;;
2019;2;galenica;;;;;;
2020;3;farmacodinamica;;;;;;
2021;3;farmacocinetica;;;;;;
2022;3;farmacocinetica;;;;;;
2023;3;farmacocinetica;;;;;;
2024;3;farmacodinamica;;;;;;
2025;2;ricette;;;;;;
2026;1;tecnologia ;;;;;;
2027;3;farmacodinamica;;;;;;
2028;3;farmacocinetica;;;;;;
2029;3;farmacodinamica;;cotrimossazolo;;;;
2030;3;farmacodinamica;;ampicillina;;;;
2031;3;farmacodinamica;;;;;;
2032;6;;;;;;;
2033;6;;;;;;;
2034;3;farmacodinamica;;oppioidi;;;;
2035;3;farmacodinamica;;antiepilettici;;;;
2036;3;farmacodinamica;;malaria;;;;
2037;2;burocrazia;;;;;;
2038;3;farmacodinamica;;ondansetron;granisetron;;;
2039;3;farmacodinamica;;salmeterolo;;;;
2040;1;biologia;;melatonina;;;;
2041;3;farmacodinamica;;mezlocillina;;;;
2042;2;burocrazia;;;;;;
2043;6;;;;;;;
2044;3;farmacodinamica;interazioni;;;;;
2045;6;omeopatia;;;;;;
2046;3;farmacodinamica;;anticorpi;;;;
2047;1;chimica;;;;;;
2048;2;burocrazia;;;;;;
2049;3;farmacocinetica;;;;;;
2050;3;farmacodinamica;;nitroglicerina;;;;
2051;3;farmacodinamica;;benzilpenicillina;;;;
2052;3;farmacocinetica;;;;;;
2053;6;;;;;;;
2054;6;;;;;;;
2055;3;farmacodinamica;;cloramfenicolo;;;;
2056;1;tecnologia ;;;;;;
2057;3;farmacodinamica;;asma;;;;
2058;3;farmacodinamica;interazioni;corticosteroidi;;;;
2059;2;galenica;;;;;;
2060;3;farmacodinamica;;imidazoli;;;;
2061;2;ricette;;;;;;
2062;3;farmacodinamica;;iperkaliemia;;;;
2063;6;;;;;;;
2064;2;burocrazia;;;;;;
2065;1;tecnologia ;;;;;;
2066;3;farmacodinamica;;dasatinib;;;;
2067;3;farmacodinamica;;;;;;
2068;3;farmacodinamica;;;;;;
2069;3;farmacodinamica;;;;;;
2070;3;farmacodinamica;;;;;;
2071;3;farmacocinetica;;;;;;
2072;1;tecnologia ;;;;;;
2073;3;farmacodinamica;;gnrh;;;;
2074;1;chimica;;;;;;FIGURA
2075;2;burocrazia;;;;;;
2076;6;;;;;;;
2077;3;farmacodinamica;;disulfiram;;;;
2078;3;farmacodinamica;;cimetidina;;;;
2079;3;farmacocinetica;;;;;;
2080;3;farmacodinamica;;penicilline;;;;
2081;6;;;;;;;
2082;2;burocrazia;;;;;;
2083;2;ricette;stupefacenti;;;;;
2084;3;farmacodinamica;interazioni;istamina;;;;
2085;3;farmacodinamica;;;;;;
2086;2;burocrazia;;;;;;
2087;3;farmacodinamica;;antibiotici;;;;
2088;1;chimica;gruppi funzionali;;;;;
2089;3;farmacodinamica;;;;;;
2090;3;farmacodinamica;;antibiotici;;;;
2091;3;farmacodinamica;;bromocriptina;;;;
2092;1;chimica;pH;;;;;
2093;3;farmacodinamica;;antipertensivi;collateralità;;;
2094;3;farmacocinetica;;;;;;
2095;2;ricette;veterinari;;;;;
2096;2;ricette;;;;;;
2097;3;farmacodinamica;;atropina;;;;
2098;3;farmacodinamica;;;;;;
2099;3;farmacodinamica;;;;;;
2100;1;chimica;;;;;;FIGURA
2101;1;chimica;gruppi funzionali;;;;;
2102;1;chimica;pH;;;;;
2103;6;;;;;;;
2104;3;farmacocinetica;;;;;;
2105;2;burocrazia;;;;;;
2106;2;burocrazia;;;;;;
2107;2;burocrazia;;;;;;
2108;3;farmacocinetica;;;;;;
2109;3;farmacodinamica;;chinina;collateralità;;;
2110;2;ricette;;;;;;
2111;2;ricette;;;;;;
2112;2;burocrazia;;;;;;
2113;2;burocrazia;;;;;;
2114;2;burocrazia;;;;;;
2115;3;farmacodinamica;;vaccino;;;;
2116;3;farmacodinamica;interazioni;;;;;
2117;3;farmacodinamica;;chinoloni;;;;
2118;1;tecnologia ;;;;;;
2119;3;farmacodinamica;;aflatossine;;;;
2120;2;ricette;veterinari;;;;;
2121;3;farmacodinamica;;vaccini;;;;
2122;3;farmacodinamica;;droghe;;;;
2123;3;farmacodinamica;;melfalan;;;;
2124;3;farmacodinamica;;ipertensivi;;;;
2125;3;farmacodinamica;;droghe;;;;
2126;3;farmacodinamica;;istamina;;;;
2127;2;burocrazia;;;;;;
2128;3;farmacocinetica;;;;;;
2129;3;farmacodinamica;;spironolattone;collateralità;;;
2130;3;farmacodinamica;;fenofibrato;;;;
2131;3;farmacodinamica;;spironolattone;;;;
2132;6;;;;;;;
2133;2;ricette;stupefacenti;;;;;
2134;1;chimica;;;;;;
2135;2;ricette;stupefacenti;;;;;
2136;3;farmacodinamica;;teriflunomide;;;;
2137;2;burocrazia;;;;;;
2138;3;farmacodinamica;;metamizolo;;;;
2139;1;chimica;;;;;;FIGURA
2140;3;farmacodinamica;;barbiturici;;;;
2141;3;farmacodinamica;;cortisonici;collateralità;;;
2142;3;farmacodinamica;;anticoagulanti;;;;
2143;3;farmacodinamica;interazioni;;;;;
2144;3;farmacocinetica;;digossina;;;;
2145;3;farmacodinamica;;;;;;
2146;3;farmacodinamica;;doxorubicina;;;;
2147;3;farmacodinamica;;acido azelaico;;;;
2148;3;farmacodinamica;;litio;;;;
2149;2;burocrazia;;;;;;
2150;2;ricette;;;;;;
2151;3;farmacodinamica;;colestiramina;;;;
2152;3;farmacodinamica;;tramadolo;;;;
2153;3;farmacodinamica;;sumatriptan;;;;
2154;3;farmacodinamica;;isotretinoina;;;;
2155;2;galenica;;;;;;
2156;1;chimica;;;;;;
2157;2;burocrazia;;;;;;
2158;3;farmacodinamica;;clorexedina;;;;
2159;3;farmacodinamica;;antipsicotici;;;;
2160;3;farmacodinamica;;statina;;;;
2161;2;ricette;limitative;;;;;
2162;3;farmacodinamica;;evolocumab;alirocumab;;;
2163;3;farmacodinamica;;antidepressivi;;;;
2164;1;chimica;;;;;;
2165;3;farmacodinamica;;caffeina;;;;
2166;3;farmacodinamica;;cilastatina;imipenem;;;
2167;2;ricette;veterinari;;;;;
2168;2;burocrazia;;;;;;
2169;3;farmacodinamica;;droghe;;;;
2170;3;farmacodinamica;;bisacodile;;;;
2171;2;ricette;stupefacenti;;;;;
2172;6;omeopatia;;;;;;
2173;3;farmacodinamica;;ACE;collateralità;;;
2174;3;farmacodinamica;;antibiotici;;;;
2175;3;farmacodinamica;;FANS;;;;
2176;3;farmacodinamica;;antibiotici;;;;
2177;3;farmacodinamica;;otilonio bromuro;;;;
2178;2;galenica;;;;;;
2179;3;farmacodinamica;;neurolettici;;;;
2180;3;farmacodinamica;;vaccini;;;;
2181;3;farmacodinamica;;lidocaina;;;;
2182;1;biologia;;;;;;
2183;3;farmacodinamica;;loperamide;;;;
2184;3;farmacodinamica;;dapsone;;;;
2185;3;farmacodinamica;;biperidene;;;;
2186;3;farmacodinamica;;inlcisiran;;;;
2187;3;farmacodinamica;;glucocorticoidi;;;;
2188;3;farmacodinamica;;;;;;
2189;2;burocrazia;;;;;;
2190;6;;;;;;;
2191;3;farmacodinamica;;;;;;
2192;3;farmacodinamica;;sulfaniluree;;;;
2193;2;ricette;veleni;;;;;
2194;3;farmacodinamica;;collateralità;;;;
2195;3;farmacodinamica;;;;;;
2196;3;farmacodinamica;;glibenclamide;;;;
2197;3;farmacodinamica;;;;;;
2198;2;burocrazia;;;;;;
2199;3;farmacodinamica;;clonidina;;;;
2200;3;farmacocinetica;;;;;;
2201;3;farmacodinamica;interazioni;meflochina;;;;
2202;6;;;;;;;
2203;3;farmacodinamica;interazioni;diuretici;;;;
2204;2;burocrazia;farmacovigilanza;;;;;
2205;3;farmacodinamica;;catecolammine;;;;
2206;3;farmacodinamica;;noradrenalina;;;;
2207;1;tecnologia ;;;;;;
2208;2;burocrazia;;;;;;
2209;3;farmacodinamica;;;;;;
2210;1;tecnologia ;;;;;;
2211;6;;;;;;;
2212;2;burocrazia;;;;;;
2213;2;burocrazia;;;;;;
2214;2;ricette;;;;;;
2215;1;biologia;;;;;;
2216;2;ricette;stupefacenti;;;;;
2217;3;farmacodinamica;;sulfalazina;;;;
2218;2;ricette;;;;;;
2219;3;farmacodinamica;;;;;;
2220;2;ricette;stupefacenti;;;;;
2221;3;farmacodinamica;;lovastatina;;;;
2222;3;farmacodinamica;;insulina;;;;
2223;1;chimica;gruppi funzionali;;;;;
2224;3;farmacodinamica;;melathion;;;;
2225;2;ricette;stupefacenti;;;;;
2226;2;galenica;;;;;;
2227;3;farmacodinamica;;nitrati;;;;
2228;2;ricette;veterinari;;;;;
2229;2;burocrazia;;;;;;
2230;3;farmacodinamica;;nitrati;;;;
2231;1;tecnologia ;;;;;;
2232;1;chimica;;;;;;
2233;3;farmacodinamica;;ondansetron;;;;
2234;2;galenica;;;;;;
2235;2;ricette;;;;;;
2236;2;burocrazia;;;;;;
2237;3;farmacodinamica;;;;;;
2238;3;farmacodinamica;;litio;collateralità;;;
2239;2;galenica;;;;;;
2240;3;farmacodinamica;;barbiturici;;;;
2241;3;farmacocinetica;;;;;;
2242;3;farmacodinamica;;lidocaina;;;;
2243;2;ricette;stupefacenti;;;;;
2244;3;farmacodinamica;;droghe;;;;
2245;3;farmacodinamica;;nabumetone;;;;
2246;1;biologia;;;;;;
2247;1;biologia;;;;;;
2248;3;farmacodinamica;;benzodiazepine;collateralità;;;
2249;3;farmacodinamica;;;;;;
2250;2;burocrazia;;;;;;
2251;3;farmacodinamica;;droghe;;;;
2252;3;farmacodinamica;;gliclazide;;;;
2253;3;farmacodinamica;;ipratropio bromuro;;;;
2254;3;farmacodinamica;;acetilcisteina;;;;FIGURA
2255;3;farmacodinamica;;betanecolo;;;;
2256;3;farmacodinamica;;fentiazine;;;;
2257;3;farmacodinamica;;anticorpi;;;;
2258;2;burocrazia;;;;;;
2259;3;farmacodinamica;;antibiotici;;;;
2260;3;farmacodinamica;;glaucoma;;;;
2261;3;farmacodinamica;;metoclopramide;;;;
2262;3;farmacodinamica;;eparina;;;;
2263;2;burocrazia;;;;;;
2264;3;farmacocinetica;;;;;;
2265;3;farmacodinamica;;diabete;;;;
2266;3;farmacodinamica;;;;;;
2267;2;burocrazia;;;;;;
2268;2;galenica;;;;;;
2269;3;farmacodinamica;;atropina;;;;FIUGRA
2270;3;farmacodinamica;;claritromicina;;;;
2271;3;farmacodinamica;;amantadina;parkinson;;;
2272;2;burocrazia;;;;;;
2273;1;tecnologia ;;;;;;
2274;3;farmacodinamica;;calcio edetato bisodico;;;;
2275;3;farmacocinetica;;;;;;
2276;3;farmacodinamica;;;;;;
2277;2;galenica;;;;;;
2278;1;biologia;;;;;;
2279;3;farmacodinamica;;fenorbital;;;;
2280;3;farmacocinetica;;;;;;
2281;1;biologia;;;;;;
2282;1;biologia;;;;;;
2283;3;farmacodinamica;;antipertensivo;collateralità;;;
2284;3;farmacodinamica;;acido fusidico;;;;
2285;3;farmacodinamica;;malaria;clorochina;;;
2286;2;ricette;veleni;;;;;
2287;2;burocrazia;;;;;;
2288;2;burocrazia;;;;;;
2289;3;farmacocinetica;;;;;;
2290;2;ricette;;;;;;
2291;2;galenica;;;;;;
2292;1;tecnologia ;;;;;;
2293;3;farmacodinamica;;diuretici;;;;
2294;3;farmacodinamica;;alteplasi;tenecteplasi;;;
2295;3;farmacodinamica;;;;;;
2296;3;farmacodinamica;;parkinson;;;;
2297;1;tecnologia ;;;;;;
2298;3;farmacodinamica;;;;;;
2299;2;ricette;;;;;;
2300;3;farmacodinamica;;sennosidi;;;;
2301;2;ricette;stupefacenti;;;;;
2302;3;farmacodinamica;;;;;;
2303;3;farmacodinamica;;;;;;
2304;3;farmacodinamica;;acido acetilsalicilico;;;;
2305;1;biologia;;;;;;
2306;2;burocrazia;;;;;;
2307;3;farmacodinamica;;;;;;
2308;3;farmacodinamica;;acetilcolina;;;;
2309;3;farmacodinamica;;barbiturici;;;;
2310;3;farmacodinamica;;;;;;
2311;6;;;;;;;
2312;3;farmacodinamica;;glucosidi;;;;
2313;3;farmacodinamica;;glucagone;;;;
2314;3;farmacodinamica;;;;;;
2315;3;farmacodinamica;;cromoglicato;;;;
2316;1;biologia;;;;;;
2317;3;farmacodinamica;;antiacidi;;;;
2318;3;farmacodinamica;;antibiotici;;;;
2319;2;burocrazia;;;;;;
2320;2;ricette;;;;;;
2321;6;;;;;;;
2322;3;farmacodinamica;;alcool;;;;
2323;2;burocrazia;;;;;;
2324;6;cosmetica;;;;;;
2325;3;farmacodinamica;;;;;;
2326;2;galenica;;;;;;
2327;3;farmacodinamica;;bromocriptina;;;;
2328;3;farmacodinamica;;antibiotici;;;;
2329;3;farmacocinetica;;;;;;
2330;2;burocrazia;;;;;;
2331;6;;;;;;;
2332;3;farmacodinamica;;collateralità;;;;
2333;1;tecnologia ;;;;;;
2334;2;galenica;;;;;;
2335;3;farmacodinamica;;morfina;;;;
2336;3;farmacodinamica;;morfina;;;;
2337;3;farmacodinamica;;baclofene;;;;
2338;1;tecnologia ;;;;;;
2339;1;tecnologia ;;;;;;
2340;3;farmacodinamica;;antibiotici;;;;
2341;3;farmacodinamica;;malaria;;;;
2342;3;farmacocinetica;;;;;;
2343;2;ricette;stupefacenti;;;;;
2344;3;farmacocinetica;;;;;;
2345;2;ricette;;;;;;
2346;2;burocrazia;;;;;;
2347;3;farmacodinamica;;enalapril;;;;
2348;1;biologia;;;;;;
2349;3;farmacodinamica;;diuretici;collateralità;;;
2350;1;tecnologia ;;;;;;
2351;3;farmacodinamica;interazioni;nafazolina;;;;
2352;2;ricette;;;;;;
2353;3;farmacodinamica;;morfina;;;;
2354;3;farmacodinamica;;nicotinici;;;;
2355;3;farmacodinamica;;captopril;;;;
2356;1;biologia;;;;;;
2357;3;farmacocinetica;;;;;;
2358;3;farmacodinamica;;benzodiazepine;;;;
2359;6;cosmetica;;;;;;
2360;3;farmacodinamica;;acidi fenamici;;;;
2361;6;;;;;;;
2362;3;farmacodinamica;;buprenorfina;;;;
2363;2;burocrazia;;;;;;
2364;3;farmacodinamica;;spironolattone;;;;
2365;3;farmacodinamica;;antiepilettici;collateralità;;;
2366;3;farmacodinamica;;;;;;
2367;3;farmacodinamica;;metoclopramide;;;;
2368;2;ricette;;;;;;
2369;6;;;;;;;
2370;3;farmacodinamica;;;;;;
2371;3;farmacodinamica;;ondansetron;metoclopramide;;;
2372;3;farmacodinamica;;salbutamolo;acebutololo;;;FIGURA
2373;3;farmacodinamica;;barbiturici;;;;
2374;3;farmacodinamica;;antibiotici;;;;FIGURA
2375;2;ricette;;;;;;
2376;3;farmacocinetica;;;;;;
2377;3;farmacocinetica;;;;;;
2378;3;farmacodinamica;;;;;;
2379;6;;;;;;;
2380;3;farmacodinamica;;cefalosporine;;;;
2381;2;burocrazia;;;;;;
2382;2;burocrazia;;;;;;
2383;2;ricette;stupefacenti;;;;;
2384;3;farmacodinamica;;gnrh;;;;
2385;3;farmacodinamica;;glicosidi;digossina;;;
2386;3;farmacodinamica;;;;;;
2387;3;farmacodinamica;;miocamicina;;;;
2388;3;farmacocinetica;;;;;;FIGURA
2389;3;farmacodinamica;;diuretici;collateralità;;;
2390;3;farmacodinamica;;;;;;
2391;3;farmacodinamica;;anastrazolo;;;;
2392;3;farmacocinetica;;;;;;
2393;3;farmacodinamica;;PPI;;;;
2394;2;ricette;stupefacenti;;;;;
2395;6;;;;;;;
2396;3;farmacodinamica;;beta bloccanti;;;;
2397;2;galenica;;;;;;
2398;3;farmacodinamica;;acido acetilsalicilico;;;;
2399;3;farmacodinamica;;colestiramina;simvastatina;;;
2400;6;;;;;;;
2401;2;ricette;;;;;;
2402;1;chimica;;;;;;
2403;2;burocrazia;;;;;;
2404;2;burocrazia;;;;;;
2405;2;burocrazia;farmacovigilanza;;;;;
2406;3;farmacodinamica;;;;;;
2407;3;farmacodinamica;;cloramfenicolo;;;;
2408;3;farmacodinamica;;probenecid;;;;
2409;3;farmacodinamica;;penicilline;;;;
2410;3;farmacodinamica;;schizofrenia;;;;
2411;2;burocrazia;;;;;;
2412;3;farmacodinamica;;insulina;;;;
2413;3;farmacodinamica;;;;;;
2414;3;farmacodinamica;;;;;;
2415;3;farmacodinamica;;enalapril;idroclorotiazide;;;
2416;3;farmacodinamica;;diuretici;;;;
2417;3;farmacodinamica;;beta;;;;
2418;3;farmacodinamica;;buprenorfina;;;;
2419;2;ricette;;;;;;
2420;3;farmacodinamica;;piroxicam;;;;
2421;1;tecnologia ;;;;;;
2422;3;farmacodinamica;;;;;;
2423;1;tecnologia ;;;;;;
2424;3;farmacodinamica;;clonidina;collateralità;;;
2425;3;farmacodinamica;;ciclosporina;;;;
2426;1;biologia;;;;;;
2427;3;farmacodinamica;;diuretici;;;;
2428;3;farmacodinamica;;dimeticone;metoclopramide;;;
2429;6;cosmetica;;;;;;
2430;1;chimica;;;;;;FIGURA
2431;3;farmacocinetica;;;;;;
2432;3;farmacodinamica;;;;;;
2433;2;burocrazia;;;;;;
2434;3;farmacocinetica;;;;;;
2435;3;farmacodinamica;;pentagastrina;;;;
2436;3;farmacodinamica;;parkinson;;;;
2437;2;burocrazia;;;;;;
2438;3;farmacodinamica;;;;;;
2439;1;tecnologia ;;;;;;
2440;1;chimica;;;;;;
2441;1;chimica;;;;;;
2442;2;burocrazia;;;;;;
2443;3;farmacodinamica;;barbiturici;;;;
2444;3;farmacodinamica;;doxazosina;;;;
2445;2;ricette;;;;;;
2446;2;burocrazia;;;;;;
2447;1;chimica;;;;;;
2448;2;ricette;urgenza;;;;;
2449;3;farmacodinamica;;efedrina;;;;
2450;3;farmacodinamica;;scopolamina;;;;
2451;2;galenica;;;;;;
2452;1;chimica;;;;;;
2453;3;farmacodinamica;;antracicline;;;;
2454;3;farmacodinamica;;adrenalina;;;;
2455;3;farmacocinetica;;;;;;
2456;3;farmacodinamica;;antibatterici;;;;
2457;6;;;;;;;
2458;2;burocrazia;;;;;;
2459;3;farmacodinamica;;acido valproico;;;;
2460;3;farmacodinamica;;droghe;;;;
2461;3;farmacodinamica;;acetilcolina;;;;
2462;3;farmacodinamica;interazioni;;;;;
2463;3;farmacodinamica;;;;;;
2464;3;farmacodinamica;;piroxicam;;;;
2465;3;farmacodinamica;;;;;;
2466;3;farmacocinetica;;;;;;
2467;3;farmacodinamica;;difenidramina;;;;
2468;2;burocrazia;;;;;;
2469;3;farmacodinamica;;;;;;
2470;3;farmacodinamica;;;;;;
2471;3;farmacodinamica;;cefonicid;;;;
2472;3;farmacocinetica;;;;;;
2473;2;ricette;stupefacenti;;;;;
2474;3;farmacodinamica;;citochine;;;;
2475;3;farmacodinamica;;efavirenz;;;;
2476;3;farmacodinamica;;eparina;;;;
2477;1;tecnologia ;;;;;;
2478;3;farmacodinamica;;;;;;
2479;1;chimica;;;;;;
2480;3;farmacodinamica;;caffeina;;;;
2481;3;farmacodinamica;;liraglutide;;;;
2482;2;burocrazia;;;;;;
2483;3;farmacodinamica;;;;;;
2484;3;farmacodinamica;;insulina;;;;
2485;1;tecnologia ;;;;;;
2486;3;farmacodinamica;;;;;;
2487;3;farmacodinamica;;adrenergici;;;;
2488;2;ricette;;;;;;
2489;3;farmacodinamica;;oximetazolina;;;;
2490;3;farmacodinamica;;rivaroxaban;;;;
2491;3;farmacodinamica;;sulfoniluree;;;;
2492;2;galenica;;;;;;
2493;1;biologia;;;;;;
2494;3;farmacodinamica;;chinidina;collateralità;;;
2495;2;ricette;stupefacenti;;;;;
2496;3;farmacodinamica;;;;;;
2497;1;tecnologia ;;;;;;
2498;3;farmacodinamica;;dapagliflozin;;;;
2499;3;farmacocinetica;;;;;;
2500;1;tecnologia ;;;;;;
2501;3;farmacodinamica;;tetracicline;;;;
2502;3;farmacodinamica;;antibiotici;;;;
2503;3;farmacodinamica;;;;;;
2504;3;farmacodinamica;;stibogluconato;;;;
2505;3;farmacodinamica;;bupivacina;collateralità;;;
2506;3;farmacodinamica;;carbamazepina;;;;
2507;3;farmacodinamica;;ziprasidone;;;;
2508;2;galenica;;;;;;
2509;3;farmacodinamica;;imipenem;;;;
2510;6;;;;;;;
2511;3;farmacodinamica;;sitagliptin;;;;
2512;2;ricette;;;;;;
2513;2;burocrazia;;;;;;
2514;2;burocrazia;;;;;;
2515;3;farmacodinamica;;antibiotici;;;;
2516;2;galenica;;;;;;
2517;1;chimica;pH;;;;;
2518;2;burocrazia;;;;;;
2519;3;farmacodinamica;;curari;;;;
2520;3;farmacodinamica;;donepezil;;;;
2521;6;;;;;;;
2522;1;chimica;pH;;;;;
2523;3;farmacodinamica;;;;;;
2524;2;ricette;;;;;;
2525;3;farmacodinamica;;benzodiazepine;collateralità;;;
2526;6;;;;;;;
2527;3;farmacodinamica;;vaccini;;;;
2528;1;tecnologia ;;;;;;
2529;2;burocrazia;;;;;;
2530;3;farmacodinamica;;gnrh;;;;
2531;3;farmacodinamica;;tubocurarina;;;;
2532;3;farmacodinamica;;algeldrato;;;;
2533;3;farmacodinamica;;fluocortolone;;;;
2534;3;farmacodinamica;;;;;;
2535;3;farmacodinamica;interazioni;;;;;
2536;1;biologia;;;;;;
2537;1;chimica;;;;;;
2538;3;farmacodinamica;interazioni;cimetidina;;;;
2539;2;burocrazia;;;;;;
2540;3;farmacodinamica;;terazosina;;;;
2541;1;tecnologia ;;;;;;
2542;3;farmacodinamica;;adrenergici;;;;
2543;3;farmacodinamica;;ceftriaxone;;;;
2544;3;farmacodinamica;;;;;;
2545;3;farmacodinamica;;collateralità;;;;
2546;1;chimica;pH;;;;;
2547;3;farmacodinamica;;glicosidi;;;;
2548;2;galenica;;;;;;
2549;1;tecnologia ;;;;;;
2550;3;farmacodinamica;;;;;;
2551;1;tecnologia ;;;;;;
2552;1;tecnologia ;;;;;;
2553;2;burocrazia;;;;;;
2554;3;farmacodinamica;;;;;;
2555;3;farmacodinamica;;antimicrobici;;;;
2556;3;farmacodinamica;;penicillina;;;;
2557;1;biologia;;;;;;
2558;3;farmacodinamica;;cloxacillina;;;;
2559;2;galenica;;;;;;
2560;3;farmacodinamica;;clorpromazina;;;;
2561;2;burocrazia;;;;;;
2562;2;galenica;;;;;;
2563;2;ricette;veterinari;;;;;
2564;3;farmacodinamica;;asma;;;;
2565;1;tecnologia ;;;;;;
2566;3;farmacocinetica;;;;;;
2567;2;burocrazia;;;;;;
2568;3;farmacodinamica;;droghe;;;;
2569;3;farmacodinamica;;antipertensivi;;;;
2570;2;galenica;;;;;;
2571;3;farmacodinamica;;metilxantine;;;;
2572;3;farmacodinamica;;collateralità;;;;
2573;3;farmacodinamica;;antibiotici;;;;
2574;2;galenica;;;;;;
2575;3;farmacodinamica;;ziprasidone;;;;
2576;3;farmacodinamica;;ketoconazolo;;;;
2577;3;farmacodinamica;;;;;;
2578;3;farmacodinamica;;apixaban;;;;
2579;1;tecnologia ;;;;;;
2580;3;farmacodinamica;;anticorpi;;;;
2581;1;biologia;;;;;;
2582;3;farmacodinamica;;glucosidi;collateralità;;;
2583;3;farmacodinamica;;isosteri;;;;
2584;3;farmacodinamica;;finerenone;;;;
2585;3;farmacodinamica;;statine;;;;
2586;2;galenica;;;;;;
2587;3;farmacodinamica;;piridostigmina;collateralità;;;
2588;2;burocrazia;;;;;;
2589;1;tecnologia ;;;;;;
2590;3;farmacodinamica;;;;;;
2591;2;burocrazia;;;;;;
2592;3;farmacodinamica;;diuretici;;;;
2593;3;farmacodinamica;;anticorpi;;;;
2594;1;biologia;;;;;;
2595;3;farmacodinamica;;diazepam;;;;
2596;3;farmacodinamica;;furosemide;;;;
2597;2;ricette;stupefacenti;;;;;
2598;3;farmacodinamica;interazioni;MAO;;;;
2599;3;farmacodinamica;;nitroglicerina;;;;
2600;3;farmacodinamica;;sofosbuvir;;;;
2601;1;tecnologia ;;;;;;
2602;6;omeopatia;;;;;;
2603;2;galenica;;;;;;
2604;3;farmacodinamica;;acido acetilsalicilico;;;;
2605;3;farmacodinamica;;adrenergici;;;;
2606;2;burocrazia;;;;;;
2607;3;farmacodinamica;;isotretinoina;;;;
2608;2;ricette;;;;;;
2609;3;farmacodinamica;;aloperidolo;;;;
2610;2;ricette;stupefacenti;;;;;
2611;3;farmacodinamica;;clopidogrel;;;;
2612;2;galenica;;;;;;
2613;3;farmacodinamica;;;;;;
2614;3;farmacodinamica;;flumanezil;;;;
2615;2;ricette;;;;;;
2616;3;farmacodinamica;;;;;;
2617;6;omeopatia;;;;;;
2618;3;farmacodinamica;;;;;;
2619;3;farmacodinamica;;gliflozine;;;;
2620;1;tecnologia ;;;;;;
2621;3;farmacocinetica;;;;;;
2622;3;farmacodinamica;;;;;;
2623;2;burocrazia;;;;;;
2624;2;burocrazia;;;;;;
2625;3;farmacodinamica;;;;;;
2626;3;farmacodinamica;;istamina;;;;
2627;1;biologia;;;;;;
2628;2;burocrazia;;;;;;
2629;3;farmacodinamica;;anakinra;;;;
2630;3;farmacodinamica;;MAO;;;;
2631;3;farmacodinamica;;;;;;
2632;3;farmacodinamica;;dopamina;;;;
2633;2;burocrazia;;;;;;
2634;2;burocrazia;;;;;;
2635;2;burocrazia;;;;;;
2636;1;chimica;;;;;;FIGURA
2637;3;farmacodinamica;;;;;;
2638;3;farmacodinamica;;diuretici;;;;
2639;3;farmacocinetica;;;;;;
2640;3;farmacocinetica;;;;;;
2641;3;farmacodinamica;;mostarda;;;;
2642;3;farmacodinamica;;gentamicina;;;;
2643;3;farmacodinamica;;tripanosomiasi;;;;
2644;3;farmacodinamica;;litio;;;;
2645;3;farmacodinamica;;antidepressivi;;;;
2646;3;farmacodinamica;;ezetimibe;;;;
2647;3;farmacodinamica;;saturnismo;;;;
2648;3;farmacodinamica;;norfloxacina;;;;
2649;1;biologia;;;;;;
2650;1;tecnologia ;;;;;;
2651;3;farmacodinamica;;gliptine;;;;
2652;3;farmacodinamica;;droghe;;;;
2653;3;farmacodinamica;interazioni;;;;;
2654;3;farmacocinetica;;;;;;
2655;6;;;;;;;
2656;3;farmacodinamica;;FANS;;;;
2657;3;farmacodinamica;;clozapina;;;;
2658;1;chimica;;;;;;
2659;2;burocrazia;;;;;;
2660;3;farmacodinamica;;;;;;
2661;3;farmacodinamica;;insulina;;;;
2662;3;farmacodinamica;;ezetimibe;;;;
2663;3;farmacodinamica;;fluoxetina;;;;
2664;1;chimica;pH;;;;;
2665;3;farmacodinamica;;fibrinolisi;;;;
2666;1;biologia;;;;;;
2667;2;ricette;urgenza;;;;;
2668;3;farmacodinamica;;asma;;;;
2669;3;farmacodinamica;;;;;;
2670;3;farmacodinamica;;adrenergici;;;;
2671;2;ricette;stupefacenti;;;;;
2672;3;farmacodinamica;;;;;;FIGURA
2673;3;farmacodinamica;;;;;;
2674;6;;;;;;;
2675;3;farmacocinetica;;;;;;
2676;6;;;;;;;
2677;2;ricette;stupefacenti;;;;;
2678;3;farmacodinamica;;morfina;;;;
2679;2;burocrazia;;;;;;
2680;2;ricette;stupefacenti;;;;;
2681;2;burocrazia;;;;;;
2682;1;tecnologia ;;;;;;
2683;3;farmacodinamica;;acido acetilsalicilico;;;;
2684;3;farmacodinamica;;benzodiazepine;;;;
2685;6;cosmetica;;;;;;
2686;3;farmacodinamica;;antibiotici;;;;
2687;6;;;;;;;
2688;2;galenica;;;;;;
2689;3;farmacodinamica;;;;;;
2690;3;farmacodinamica;;digitale;;;;
2691;3;farmacodinamica;;dimeticone;;;;
2692;2;galenica;;;;;;
2693;3;farmacodinamica;;antibiotici;;;;
2694;3;farmacodinamica;;gliflozine;;;;
2695;6;;;;;;;
2696;2;burocrazia;;;;;;
2697;2;burocrazia;;;;;;
2698;1;tecnologia ;;;;;;
2699;3;farmacodinamica;;carbamazepina;;;;
2700;3;farmacocinetica;;;;;;
2701;2;burocrazia;;;;;;
2702;1;tecnologia ;;;;;;
2703;3;farmacodinamica;;ciclofosfamide;;;;
2704;2;burocrazia;;;;;;
2705;2;burocrazia;;;;;;
2706;2;ricette;;;;;;
2707;2;ricette;;;;;;
2708;2;ricette;;;;;;
2709;3;farmacodinamica;;sartani;;;;
2710;1;biologia;;;;;;
2711;2;burocrazia;farmacovigilanza;;;;;
2712;3;farmacodinamica;;diclofenac;;;;
2713;3;farmacodinamica;;antimicrobici;;;;
2714;3;farmacodinamica;;antibiotici;;;;
2715;3;farmacodinamica;;diuretici;;;;
2716;3;farmacodinamica;;antibiotici;;;;
2717;3;farmacodinamica;;;;;;
2718;2;burocrazia;;;;;;
2719;2;burocrazia;;;;;;
2720;3;farmacodinamica;interazioni;;;;;
2721;6;;;;;;;
2722;3;farmacodinamica;;anestetici;;;;
2723;3;farmacodinamica;;;;;;
2724;2;burocrazia;;;;;;
2725;6;;;;;;;
2726;6;;;;;;;
2727;1;tecnologia ;;;;;;
2728;3;farmacodinamica;;osteoporosi;;;;
2729;2;galenica;;;;;;
2730;1;chimica;;;;;;
2731;2;burocrazia;;;;;;
2732;3;farmacodinamica;;sucralfato;;;;
2733;3;farmacodinamica;;gemfibrozil;;;;
2734;3;farmacodinamica;;;;;;
2735;3;farmacodinamica;;acidità;;;;
2736;2;burocrazia;;;;;;
2737;3;farmacodinamica;;acetilcolina;;;;
2738;3;farmacodinamica;;;;;;
2739;3;farmacodinamica;;procaina;;;;
2740;3;farmacodinamica;;;;;;
2741;1;tecnologia ;;;;;;
2742;3;farmacodinamica;;colina;;;;
2743;3;farmacodinamica;;fenorbital;;;;
2744;3;farmacodinamica;;amminoglicosidi;;;;
2745;1;chimica;pH;;;;;
2746;3;farmacodinamica;;antimicrobici;;;;
2747;2;burocrazia;;;;;;
2748;2;ricette;;;;;;
2749;3;farmacodinamica;;antibiotici;;;;
2750;3;farmacodinamica;;cefalosporine;;;;
2751;3;farmacodinamica;;;;;;
2752;6;;;;;;;
2753;1;chimica;;;;;;
2754;3;farmacodinamica;;antrachinoni;collateralità;;;
2755;2;burocrazia;;;;;;
2756;2;burocrazia;;;;;;
2757;3;farmacodinamica;;antistaminico;;;;
2758;3;farmacodinamica;;;;;;
2759;2;burocrazia;;;;;;
2760;2;ricette;stupefacenti;;;;;
2761;2;ricette;;;;;;
2762;3;farmacodinamica;;;;;;
2763;1;chimica;;;;;;
2764;6;cosmetica;;;;;;
2765;1;tecnologia ;;;;;;
2766;3;farmacodinamica;;dobutamina;;;;
2767;3;farmacodinamica;;;;;;
2768;3;farmacodinamica;;;;;;
2769;1;chimica;gruppi funzionali;;;;;
2770;2;burocrazia;;;;;;
2771;3;farmacodinamica;;biguanidi;;;;
2772;3;farmacodinamica;;empagliflazin;;;;
2773;3;farmacocinetica;;;;;;
2774;3;farmacodinamica;;oppioidi;;;;
2775;6;;;;;;;
2776;3;farmacodinamica;;;;;;
2777;3;farmacodinamica;;diarrea;;;;
2778;3;farmacocinetica;;;;;;
2779;3;farmacodinamica;;solfoniluree;;;;
2780;2;ricette;stupefacenti;;;;;
2781;3;farmacodinamica;;glitazoni;;;;
2782;3;farmacodinamica;;ticlopidina;;;;
2783;3;farmacodinamica;;piroxicam;;;;
2784;3;farmacodinamica;;;;;;
2785;2;ricette;;;;;;
2786;1;tecnologia ;;;;;;
2787;2;ricette;urgenza;;;;;
2788;1;chimica;pH;;;;;
2789;3;farmacodinamica;;paracetamolo;;;;
2790;2;galenica;;;;;;
2791;3;farmacocinetica;;;;;;
2792;3;farmacodinamica;;anestetici;;;;
2793;2;burocrazia;;;;;;
2794;3;farmacodinamica;;clonidina;;;;
2795;1;tecnologia ;;;;;;
2796;1;tecnologia ;;;;;;
2797;3;farmacodinamica;;glidanti;;;;
2798;3;farmacodinamica;;;;;;
2799;2;ricette;;;;;;
2800;2;galenica;;;;;;
2801;3;farmacodinamica;;butilparaben;;;;
2802;1;tecnologia ;;;;;;
2803;2;burocrazia;;;;;;
2804;3;farmacodinamica;;muscarinici;;;;
2805;3;farmacodinamica;;terbutalina;;;;
2806;3;farmacodinamica;;collateralità;;;;
2807;3;farmacodinamica;interazioni;;;;;
2808;3;farmacodinamica;;vancamicina;;;;
2809;2;ricette;stupefacenti;;;;;
2810;2;burocrazia;;;;;;
2811;3;farmacodinamica;;nitrati;;;;
2812;3;farmacocinetica;;;;;;
2813;3;farmacodinamica;;;;;;
2814;2;burocrazia;;;;;;
2815;3;farmacodinamica;interazioni;antiepilettici;;;;
2816;3;farmacodinamica;;cefalosporine;;;;
2817;3;farmacodinamica;;beta bloccanti;;;;
2818;3;farmacodinamica;;cefalosporine;;;;
2819;3;farmacodinamica;;glitazoni;;;;
2820;2;burocrazia;farmacovigilanza;;;;;
2821;3;farmacodinamica;;;;;;
2822;3;farmacodinamica;;;;;;
2823;3;farmacocinetica;;;;;;
2824;2;burocrazia;;;;;;
2825;3;farmacodinamica;;acidità;;;;
2826;1;biologia;;;;;;
2827;3;farmacocinetica;;;;;;
2828;3;farmacodinamica;;;;;;
2829;3;farmacodinamica;;sulfamidici;;;;
2830;2;ricette;;;;;;
2831;3;farmacodinamica;;sumatriptan;;;;
2832;3;farmacodinamica;;metilfenidato;;;;
2833;3;farmacocinetica;;;;;;
2834;3;farmacodinamica;;doxiciclina;;;;
2835;2;ricette;stupefacenti;;;;;
2836;1;tecnologia ;;;;;;
2837;6;omeopatia;;;;;;
2838;3;farmacodinamica;interazioni;;;;;
2839;3;farmacodinamica;;etosuccimide;;;;
2840;3;farmacodinamica;;;;;;
2841;2;burocrazia;;;;;;
2842;3;farmacodinamica;;terbinafina;;;;
2843;3;farmacocinetica;;;;;;
2844;3;farmacodinamica;;;;;;
2845;1;chimica;gruppi funzionali;;;;;
2846;2;ricette;;;;;;
2847;3;farmacodinamica;;amebiasi;;;;
2848;3;farmacodinamica;;ceftriaxone;;;;
2849;2;galenica;;;;;;
2850;1;tecnologia ;;;;;;
2851;1;biologia;;;;;;
2852;3;farmacodinamica;;;;;;
2853;3;farmacodinamica;;alcool;;;;
2854;6;;;;;;;
2855;3;farmacodinamica;;antibiotici;;;;
2856;3;farmacodinamica;;;;;;
2857;2;burocrazia;;;;;;
2858;1;tecnologia ;;;;;;
2859;3;farmacodinamica;;ciclosporina;;;;
2860;6;;;;;;;
2861;3;farmacodinamica;;ondansetrone;;;;
2862;2;burocrazia;;;;;;
2863;2;burocrazia;;;;;;
2864;3;farmacodinamica;;antimicrobici;;;;
2865;1;chimica;gruppi funzionali;;;;;
2866;3;farmacodinamica;;dornase alfa;;;;
2867;1;tecnologia ;;;;;;
2868;2;burocrazia;;;;;;
2869;1;tecnologia ;;;;;;
2870;3;farmacodinamica;;;;;;
2871;3;farmacodinamica;;captopril;;;;
2872;3;farmacodinamica;;;;;;
2873;3;farmacodinamica;;paracetamolo;;;;
2874;3;farmacodinamica;;penicilline;collateralità;;;
2875;6;;;;;;;
2876;3;farmacodinamica;;antidepressivi;;;;
2877;2;burocrazia;;;;;;
2878;3;farmacodinamica;;barbiturici;;;;
2879;3;farmacodinamica;;clobazam;;;;
2880;3;farmacodinamica;;cimetidina;ranitidina;;;
2881;3;farmacodinamica;;bacitracina;;;;
2882;3;farmacodinamica;;adrenalina;;;;
2883;1;tecnologia ;;;;;;
2884;3;farmacodinamica;;;;;;
2885;3;farmacodinamica;;droghe;;;;
2886;3;farmacodinamica;;;;;;
2887;3;farmacodinamica;;idroclorotiazide;;;;
2888;3;farmacodinamica;;;;;;
2889;1;tecnologia ;;;;;;
2890;3;farmacodinamica;;;;;;
2891;3;farmacodinamica;;diuretici;collateralità;;;
2892;3;farmacodinamica;;collateralità;;;;
2893;6;;;;;;;
2894;3;farmacodinamica;;;;;;
2895;1;tecnologia ;;;;;;
2896;2;burocrazia;;;;;;
2897;2;burocrazia;;;;;;
2898;2;galenica;;;;;;
2899;3;farmacodinamica;;;;;;
2900;1;tecnologia ;;;;;;
2901;3;farmacodinamica;;antiblastici;;;;
2902;3;farmacodinamica;;paracetamolo;;;;
2903;2;burocrazia;;;;;;
2904;3;farmacodinamica;;triptani;;;;
2905;3;farmacodinamica;;irinotecan;;;;
2906;3;farmacodinamica;;;;;;
2907;2;ricette;;;;;;
2908;1;tecnologia ;;;;;;
2909;3;farmacodinamica;;;;;;
2910;3;farmacodinamica;;eplerenone;;;;
2911;3;farmacodinamica;;insulina;;;;
2912;6;cosmetica;;;;;;
2913;3;farmacodinamica;;acido acetilsalicilico;;;;
2914;3;farmacodinamica;;gemfibrozil;;;;
2915;3;farmacodinamica;;droghe;;;;
2916;3;farmacodinamica;;diuretici;collateralità;;;
2917;3;farmacodinamica;;atropina;;;;
2918;3;farmacodinamica;;terazosina;;;;
2919;3;farmacodinamica;;droghe;;;;
2920;6;;;;;;;
2921;2;burocrazia;;;;;;
2922;3;farmacodinamica;;echinocandine;;;;
2923;3;farmacodinamica;interazioni;propanololo;;;;
2924;3;farmacodinamica;;;;;;
2925;3;farmacodinamica;;statine;;;;
2926;3;farmacodinamica;;tubercolosi;;;;
2927;2;burocrazia;;;;;;
2928;3;farmacodinamica;;;;;;
2929;3;farmacodinamica;;MAO;;;;
2930;1;tecnologia ;;;;;;
2931;3;farmacodinamica;;levopromazina;;;;
2932;3;farmacodinamica;;doxazosina;;;;
2933;6;;;;;;;
2934;3;farmacodinamica;;;;;;
2935;1;chimica;gruppi funzionali;;;;;
2936;1;tecnologia ;;;;;;
2937;3;farmacodinamica;;fenilbutazone;;;;
2938;3;farmacodinamica;;provastatina;;;;
2939;3;farmacodinamica;;;;;;
2940;3;farmacodinamica;;;;;;
2941;1;tecnologia ;;;;;;
2942;2;burocrazia;;;;;;
2943;3;farmacodinamica;;bupivacaina;;;;
2944;3;farmacocinetica;;;;;;
2945;1;biologia;;;;;;
2946;3;farmacodinamica;;;;;;FIGURA
2947;6;;;;;;;
2948;3;farmacodinamica;;loperamide;;;;
2949;3;farmacodinamica;;cimetidina;;;;
2950;3;farmacodinamica;;indometacina;;;;
2951;2;burocrazia;;;;;;
2952;3;farmacodinamica;;;;;;
2953;2;ricette;veleni;;;;;
2954;2;ricette;;;;;;
2955;3;farmacodinamica;;aliskiren;;;;
2956;2;ricette;;;;;;
2957;3;farmacodinamica;;acetilcolina;;;;
2958;6;;;;;;;
2959;3;farmacodinamica;;neostigmina;;;;
2960;3;farmacodinamica;;desipramina;;;;
2961;3;farmacodinamica;;nitroprussiato;;;;
2962;3;farmacodinamica;;;;;;
2963;3;farmacodinamica;;aciclovir;;;;
2964;6;;;;;;;
2965;2;galenica;;;;;;
2966;3;farmacodinamica;;;;;;
2967;2;burocrazia;;;;;;
2968;3;farmacodinamica;;diuretici;;;;
2969;3;farmacodinamica;;nitrati;;;;
2970;3;farmacodinamica;;collateralità;;;;
2971;2;ricette;veterinari;;;;;
2972;3;farmacodinamica;;nitrazepam;;;;
2973;3;farmacodinamica;;leflunomide;;;;
2974;2;burocrazia;;;;;;
2975;3;farmacodinamica;;buprenorfina;;;;
2976;1;chimica;pH;;;;;
2977;1;tecnologia ;;;;;;
2978;6;omeopatia;;;;;;
2979;3;farmacodinamica;;;;;;
2980;3;farmacodinamica;;vaccini;;;;
2981;6;omeopatia;;;;;;
2982;2;ricette;stupefacenti;;;;;
2983;3;farmacodinamica;;deroxamina;;;;
2984;3;farmacodinamica;;glucocorticoidi;;;;
2985;3;farmacodinamica;;eparina;;;;
2986;3;farmacodinamica;;diuretici;;;;
2987;3;farmacodinamica;;;;;;
2988;2;burocrazia;;;;;;
2989;3;farmacodinamica;;acido acetilsalicilico;;;;
2990;3;farmacodinamica;;;;;;
2991;3;farmacodinamica;interazioni;digossina;;;;
2992;1;tecnologia ;;;;;;
2993;2;burocrazia;;;;;;
2994;3;farmacodinamica;;;;;;
2995;6;;;;;;;
2996;3;farmacodinamica;;glucocorticoidi;;;;
2997;2;burocrazia;;;;;;
2998;2;burocrazia;;;;;;
2999;2;burocrazia;;;;;;
3000;1;tecnologia ;;;;;;